GCA_000783575.2	PRJNA231221	SAMN02934536	na	na	584	584	Proteus mirabilis	strain=FDAARGOS_81	na	latest	Complete Genome	Major	Full	2018-01-29	ASM78357v2	University of Maryland School of Medicine Institute for Genome Sciences (IGS) - sequencing center	GCF_000783575.2	identical	https://ftp.ncbi.nlm.nih.gov/genomes/all/GCA/000/783/575/GCA_000783575.2_ASM78357v2	na	na	na	haploid	bacteria	4077315	4077315	39.000000	1	1	1	NCBI	NCBI Prokaryotic Genome Annotation Pipeline (PGAP)	2018-01-18	3826	3642	110	na
GCA_000783595.2	PRJNA231221	SAMN02934535	na	na	584	584	Proteus mirabilis	strain=FDAARGOS_80	na	latest	Complete Genome	Major	Full	2018-01-30	ASM78359v2	University of Maryland School of Medicine Institute for Genome Sciences (IGS) - sequencing center	GCF_000783595.2	identical	https://ftp.ncbi.nlm.nih.gov/genomes/all/GCA/000/783/595/GCA_000783595.2_ASM78359v2	na	na	na	haploid	bacteria	4044233	4044233	39.000000	3	3	3	NCBI	NCBI Prokaryotic Genome Annotation Pipeline (PGAP)	2018-01-18	3776	3581	110	na
GCA_000783875.2	PRJNA231221	SAMN02934516	na	na	584	584	Proteus mirabilis	strain=FDAARGOS_67	na	latest	Complete Genome	Major	Full	2018-02-13	ASM78387v2	University of Maryland School of Medicine Institute for Genome Sciences (IGS) - sequencing center	GCF_000783875.2	identical	https://ftp.ncbi.nlm.nih.gov/genomes/all/GCA/000/783/875/GCA_000783875.2_ASM78387v2	na	na	na	haploid	bacteria	3955473	3955473	39.000000	1	1	1	NCBI	NCBI Prokaryotic Genome Annotation Pipeline (PGAP)	2018-01-18	3658	3467	110	na
GCA_000784015.2	PRJNA231221	SAMN02934509	na	na	584	584	Proteus mirabilis	strain=FDAARGOS_60	na	latest	Complete Genome	Major	Full	2018-01-29	ASM78401v2	University of Maryland School of Medicine Institute for Genome Sciences (IGS) - sequencing center	GCF_000784015.2	identical	https://ftp.ncbi.nlm.nih.gov/genomes/all/GCA/000/784/015/GCA_000784015.2_ASM78401v2	na	na	na	haploid	bacteria	4105573	4105573	39.000000	1	1	1	NCBI	NCBI Prokaryotic Genome Annotation Pipeline (PGAP)	2018-01-18	3865	3667	108	na
GCA_001281545.1	PRJNA292344	SAMN03968924	na	na	584	584	Proteus mirabilis	strain=CYPM1	na	latest	Complete Genome	Major	Full	2015-09-15	ASM128154v1	Consortium of Clinical Bacterial Genomics	GCF_001281545.1	identical	https://ftp.ncbi.nlm.nih.gov/genomes/all/GCA/001/281/545/GCA_001281545.1_ASM128154v1	na	na	na	haploid	bacteria	3793000	3793000	39.000000	1	1	1	NCBI	NCBI Prokaryotic Genome Annotation Pipeline (PGAP)	2015-09-14	3416	3126	104	na
GCA_001281565.1	PRJNA292343	SAMN03968923	na	na	584	584	Proteus mirabilis	strain=CYPV1	na	latest	Complete Genome	Major	Full	2015-09-15	ASM128156v1	Consortium of Clinical Bacterial Genomics	GCF_001281565.1	identical	https://ftp.ncbi.nlm.nih.gov/genomes/all/GCA/001/281/565/GCA_001281565.1_ASM128156v1	na	na	na	haploid	bacteria	3794983	3794983	39.000000	1	1	1	NCBI	NCBI Prokaryotic Genome Annotation Pipeline (PGAP)	2015-09-14	3425	3182	103	na
GCA_001640985.1	PRJNA318385	SAMN04849770	na	na	584	584	Proteus mirabilis	strain=AOUC-001	na	latest	Complete Genome	Major	Full	2016-05-09	ASM164098v1	University of Siena	GCF_001640985.1	identical	https://ftp.ncbi.nlm.nih.gov/genomes/all/GCA/001/640/985/GCA_001640985.1_ASM164098v1	na	na	na	haploid	bacteria	4272433	4272433	39.500000	1	1	1	NCBI	NCBI Prokaryotic Genome Annotation Pipeline (PGAP)	2016-04-21	4031	3853	109	27340072
GCA_002055685.1	PRJNA292904	SAMN04014900	na	na	584	584	Proteus mirabilis	strain=AR_0059	na	latest	Complete Genome	Major	Full	2017-03-21	ASM205568v1	Centers for Disease Control and Prevention	GCF_002055685.1	identical	https://ftp.ncbi.nlm.nih.gov/genomes/all/GCA/002/055/685/GCA_002055685.1_ASM205568v1	na	na	na	haploid	bacteria	4191021	4191021	39.000000	1	1	1	NCBI	NCBI Prokaryotic Genome Annotation Pipeline (PGAP)	2017-02-02	3946	3759	107	na
GCA_002180115.1	PRJNA292902	SAMN04015000	na	na	584	584	Proteus mirabilis	strain=AR_0159	na	latest	Complete Genome	Major	Full	2017-06-08	ASM218011v1	Centers for Disease Control and Prevention	GCF_002180115.1	identical	https://ftp.ncbi.nlm.nih.gov/genomes/all/GCA/002/180/115/GCA_002180115.1_ASM218011v1	na	na	na	haploid	bacteria	4216982	4216982	39.500000	2	2	2	NCBI	NCBI Prokaryotic Genome Annotation Pipeline (PGAP)	2017-03-16	3946	3761	109	na
GCA_002180235.1	PRJNA292902	SAMN04014996	na	na	584	584	Proteus mirabilis	strain=AR_0155	na	latest	Complete Genome	Major	Full	2017-06-08	ASM218023v1	Centers for Disease Control and Prevention	GCF_002180235.1	identical	https://ftp.ncbi.nlm.nih.gov/genomes/all/GCA/002/180/235/GCA_002180235.1_ASM218023v1	na	na	na	haploid	bacteria	4587183	4587183	39.500000	2	2	2	NCBI	NCBI Prokaryotic Genome Annotation Pipeline (PGAP)	2017-03-16	4406	4199	111	na
GCA_002197405.1	PRJNA292902	SAMN04014997	na	na	584	584	Proteus mirabilis	strain=AR_0156	na	latest	Complete Genome	Major	Full	2017-06-16	ASM219740v1	Centers for Disease Control and Prevention	GCF_002197405.1	identical	https://ftp.ncbi.nlm.nih.gov/genomes/all/GCA/002/197/405/GCA_002197405.1_ASM219740v1	na	na	na	haploid	bacteria	4440469	4440469	39.500000	4	4	4	NCBI	NCBI Prokaryotic Genome Annotation Pipeline (PGAP)	2017-02-02	4236	4040	107	na
GCA_002310875.1	PRJNA340922	SAMN05715221	na	na	584	584	Proteus mirabilis	strain=T21	na	latest	Complete Genome	Major	Full	2017-09-18	ASM231087v1	Zhejiang University	GCF_002310875.1	identical	https://ftp.ncbi.nlm.nih.gov/genomes/all/GCA/002/310/875/GCA_002310875.1_ASM231087v1	na	na	na	haploid	bacteria	4286593	4286593	39.500000	3	3	3	NCBI	NCBI Prokaryotic Genome Annotation Pipeline (PGAP)	2016-08-30	4024	3822	109	na
GCA_002310895.1	PRJNA340922	SAMN05715220	na	na	584	584	Proteus mirabilis	strain=T18	na	latest	Complete Genome	Major	Full	2017-09-18	ASM231089v1	Zhejiang University	GCF_002310895.1	identical	https://ftp.ncbi.nlm.nih.gov/genomes/all/GCA/002/310/895/GCA_002310895.1_ASM231089v1	na	na	na	haploid	bacteria	4190461	4190461	39.500000	2	2	2	NCBI	NCBI Prokaryotic Genome Annotation Pipeline (PGAP)	2016-08-30	3912	3708	109	na
GCA_002944495.1	PRJNA432494	SAMN08450188	na	na	584	584	Proteus mirabilis	strain=BC11-24	na	latest	Complete Genome	Major	Full	2018-02-11	ASM294449v1	Sichuan University	GCF_002944495.1	identical	https://ftp.ncbi.nlm.nih.gov/genomes/all/GCA/002/944/495/GCA_002944495.1_ASM294449v1	na	na	na	haploid	bacteria	4021165	4021165	39.000000	1	1	1	NCBI	NCBI Prokaryotic Genome Annotation Pipeline (PGAP)	2018-02-05	3782	3587	108	na
GCA_002945235.1	PRJNA432858	SAMN08463802	na	na	584	584	Proteus mirabilis	na	GN2	latest	Complete Genome	Major	Full	2018-02-12	ASM294523v1	Beijing Institute of Microbiology and Epidemiology	GCF_002945235.1	identical	https://ftp.ncbi.nlm.nih.gov/genomes/all/GCA/002/945/235/GCA_002945235.1_ASM294523v1	na	na	na	haploid	bacteria	4012640	4012640	38.500000	1	1	1	NCBI	NCBI Prokaryotic Genome Annotation Pipeline (PGAP)	2018-02-06	3724	3537	109	na
GCA_003073935.1	PRJNA316321	SAMN07291522	na	na	584	584	Proteus mirabilis	strain=AR379	na	latest	Complete Genome	Major	Full	2018-04-30	ASM307393v1	FDA/CDC	GCF_003073935.1	identical	https://ftp.ncbi.nlm.nih.gov/genomes/all/GCA/003/073/935/GCA_003073935.1_ASM307393v1	na	na	na	haploid	bacteria	4238045	4238045	39.000000	6	6	6	IGS, University of Maryland, Baltimore	Annotation submitted by IGS, University of Maryland, Baltimore	2018-06-01	3988	3881	106	na
GCA_003204115.1	PRJNA292901	SAMN04014870	na	na	584	584	Proteus mirabilis	strain=AR_0029	na	latest	Complete Genome	Major	Full	2018-06-10	ASM320411v1	Centers for Disease Control and Prevention	GCF_003204115.1	identical	https://ftp.ncbi.nlm.nih.gov/genomes/all/GCA/003/204/115/GCA_003204115.1_ASM320411v1	na	na	na	haploid	bacteria	3990122	3990122	39.000000	2	2	2	NCBI	NCBI Prokaryotic Genome Annotation Pipeline (PGAP)	2018-05-07	3664	3467	110	na
GCA_003855615.1	PRJNA506335	SAMN10458127	na	na	584	584	Proteus mirabilis	strain=PmBC1123	na	latest	Complete Genome	Major	Full	2018-12-02	ASM385561v1	Sichuan University	GCF_003855615.1	identical	https://ftp.ncbi.nlm.nih.gov/genomes/all/GCA/003/855/615/GCA_003855615.1_ASM385561v1	na	na	na	haploid	bacteria	4074828	4074828	39.000000	1	1	1	NCBI	NCBI Prokaryotic Genome Annotation Pipeline (PGAP)	2018-11-26	3792	3556	106	na
GCA_003855635.1	PRJNA506338	SAMN10458171	na	na	584	584	Proteus mirabilis	strain=PmSC1111	na	latest	Complete Genome	Major	Full	2018-12-02	ASM385563v1	Sichuan University	GCF_003855635.1	identical	https://ftp.ncbi.nlm.nih.gov/genomes/all/GCA/003/855/635/GCA_003855635.1_ASM385563v1	na	na	na	haploid	bacteria	4189199	4189199	39.000000	1	1	1	NCBI	NCBI Prokaryotic Genome Annotation Pipeline (PGAP)	2018-11-26	3910	3668	109	na
GCA_008041895.1	PRJNA521327	SAMN12566310	na	na	584	584	Proteus mirabilis	strain=VAC	na	latest	Complete Genome	Major	Full	2019-08-21	ASM804189v1	Faculte de Medecine, Universite Paris-Sud	GCF_008041895.1	identical	https://ftp.ncbi.nlm.nih.gov/genomes/all/GCA/008/041/895/GCA_008041895.1_ASM804189v1	na	na	na	haploid	bacteria	4090308	4090308	39.000000	1	1	1	NCBI	NCBI Prokaryotic Genome Annotation Pipeline (PGAP)	2019-08-14	3821	3633	109	na
GCA_008195605.1	PRJNA562190	SAMN12636071	na	na	584	584	Proteus mirabilis	strain=CRPM10	na	latest	Complete Genome	Major	Full	2019-09-02	ASM819560v1	Zhejiang Provincial People's Hospital	GCF_008195605.1	identical	https://ftp.ncbi.nlm.nih.gov/genomes/all/GCA/008/195/605/GCA_008195605.1_ASM819560v1	na	na	na	haploid	bacteria	4204856	4204856	39.000000	2	2	2	NCBI	NCBI Prokaryotic Genome Annotation Pipeline (PGAP)	2019-08-27	3921	3717	108	na
GCA_008630655.1	PRJNA506729	SAMN12734738	na	na	584	584	Proteus mirabilis	strain=S1959	na	latest	Complete Genome	Major	Full	2019-09-21	ASM863065v1	Jan Kochanowski University	GCF_008630655.1	identical	https://ftp.ncbi.nlm.nih.gov/genomes/all/GCA/008/630/655/GCA_008630655.1_ASM863065v1	missing rRNA genes	na	na	haploid	bacteria	3957207	3957207	38.500000	1	1	1	NCBI	NCBI Prokaryotic Genome Annotation Pipeline (PGAP)	2019-09-15	3683	3517	84	33842384
GCA_008705195.1	PRJNA506729	SAMN12770272	na	na	584	584	Proteus mirabilis	strain=K817	na	latest	Complete Genome	Major	Full	2019-09-24	ASM870519v1	Jan Kochanowski University	GCF_008705195.1	identical	https://ftp.ncbi.nlm.nih.gov/genomes/all/GCA/008/705/195/GCA_008705195.1_ASM870519v1	na	na	na	haploid	bacteria	4017079	4017079	38.500000	1	1	1	NCBI	NCBI Prokaryotic Genome Annotation Pipeline (PGAP)	2019-09-18	3738	3560	83	33842384
GCA_009429045.2	PRJNA578857	SAMN13082492	na	na	584	584	Proteus mirabilis	strain=CRE14IB	na	latest	Complete Genome	Major	Full	2019-12-11	ASM942904v2	Charles University in Prague	GCF_009429045.2	identical	https://ftp.ncbi.nlm.nih.gov/genomes/all/GCA/009/429/045/GCA_009429045.2_ASM942904v2	na	na	na	haploid	bacteria	4120262	4120262	38.500000	3	3	3	NCBI	NCBI Prokaryotic Genome Annotation Pipeline (PGAP)	2019-12-10	3830	3618	109	32121207
GCA_009684665.1	PRJNA540912	SAMN11567705	na	na	584	584	Proteus mirabilis	strain=ENT1157	na	latest	Complete Genome	Major	Full	2019-11-20	ASM968466v1	National University Hospital	GCF_009684665.1	identical	https://ftp.ncbi.nlm.nih.gov/genomes/all/GCA/009/684/665/GCA_009684665.1_ASM968466v1	na	na	na	haploid	bacteria	4105149	4105149	39.000000	1	1	1	NCBI	NCBI Prokaryotic Genome Annotation Pipeline (PGAP)	2019-09-20	3810	3591	108	31725155
GCA_009806715.1	PRJNA594246	SAMN13509247	na	na	584	584	Proteus mirabilis	strain=SCBX1.1	na	latest	Complete Genome	Major	Full	2019-12-28	ASM980671v1	Sichuan University	GCF_009806715.1	identical	https://ftp.ncbi.nlm.nih.gov/genomes/all/GCA/009/806/715/GCA_009806715.1_ASM980671v1	na	na	na	haploid	bacteria	4352264	4352264	39.000000	3	3	3	NCBI	NCBI Prokaryotic Genome Annotation Pipeline (PGAP)	2019-12-20	4093	3884	108	na
GCA_010442675.1	PRJNA603518	SAMN13936255	na	na	584	584	Proteus mirabilis	strain=N18-00201	na	latest	Complete Genome	Major	Full	2020-02-12	ASM1044267v1	Public Health Agency of Canada	GCF_010442675.1	identical	https://ftp.ncbi.nlm.nih.gov/genomes/all/GCA/010/442/675/GCA_010442675.1_ASM1044267v1	na	na	na	haploid	bacteria	3819372	3819372	38.500000	1	1	1	NCBI	NCBI Prokaryotic Genome Annotation Pipeline (PGAP)	2020-02-06	3503	3326	97	na
GCA_010692865.1	PRJNA596082	SAMN14074148	na	na	584	584	Proteus mirabilis	strain=CC15031	na	latest	Complete Genome	Major	Full	2020-02-18	ASM1069286v1	Jilin Agricultural University	GCF_010692865.1	identical	https://ftp.ncbi.nlm.nih.gov/genomes/all/GCA/010/692/865/GCA_010692865.1_ASM1069286v1	na	na	na	haploid	bacteria	4031742	4031742	39.000000	1	1	1	na	na		0	0	0	na
GCA_011045575.1	PRJNA559775	SAMN12558915	na	na	584	584	Proteus mirabilis	strain=1701092	na	latest	Complete Genome	Major	Full	2020-03-02	ASM1104557v1	Beijing Institute of Microbiology and Epidemiology	GCF_011045575.1	identical	https://ftp.ncbi.nlm.nih.gov/genomes/all/GCA/011/045/575/GCA_011045575.1_ASM1104557v1	na	na	na	haploid	bacteria	4131513	4131513	39.500000	1	1	1	NCBI	NCBI Prokaryotic Genome Annotation Pipeline (PGAP)	2019-08-12	3837	3613	111	na
GCA_011045855.1	PRJNA599042	SAMN13738061	na	na	584	584	Proteus mirabilis	strain=ZA25	na	latest	Complete Genome	Major	Full	2020-03-02	ASM1104585v1	Yangzhou University	GCF_011045855.1	identical	https://ftp.ncbi.nlm.nih.gov/genomes/all/GCA/011/045/855/GCA_011045855.1_ASM1104585v1	na	na	na	haploid	bacteria	4108293	4108293	39.500000	3	3	3	NCBI	NCBI Prokaryotic Genome Annotation Pipeline (PGAP)	2020-01-06	3845	3675	109	na
GCA_011149675.1	PRJNA576511	SAMN12995602	na	na	584	584	Proteus mirabilis	strain=PmBR607	na	latest	Complete Genome	Major	Full	2020-03-11	ASM1114967v1	USP	GCF_011149675.1	identical	https://ftp.ncbi.nlm.nih.gov/genomes/all/GCA/011/149/675/GCA_011149675.1_ASM1114967v1	na	na	na	haploid	bacteria	4087423	4087423	39.000000	3	3	3	NCBI	NCBI Prokaryotic Genome Annotation Pipeline (PGAP)	2020-03-05	3753	3542	109	na
GCA_011383025.1	PRJNA611096	SAMN14331295	na	na	584	584	Proteus mirabilis	strain=XH1568	na	latest	Complete Genome	Major	Full	2020-03-17	ASM1138302v1	Zhejiang University	GCF_011383025.1	identical	https://ftp.ncbi.nlm.nih.gov/genomes/all/GCA/011/383/025/GCA_011383025.1_ASM1138302v1	na	na	na	haploid	bacteria	4012915	4012915	39.000000	1	1	1	NCBI	NCBI Prokaryotic Genome Annotation Pipeline (PGAP)	2020-03-11	3706	3522	110	na
GCA_011383045.1	PRJNA611104	SAMN14331403	na	na	584	584	Proteus mirabilis	strain=XH1569	na	latest	Complete Genome	Major	Full	2020-03-17	ASM1138304v1	Zhejiang University	GCF_011383045.1	identical	https://ftp.ncbi.nlm.nih.gov/genomes/all/GCA/011/383/045/GCA_011383045.1_ASM1138304v1	na	na	na	haploid	bacteria	3998116	3998116	39.000000	1	1	1	NCBI	NCBI Prokaryotic Genome Annotation Pipeline (PGAP)	2020-03-11	3684	3521	109	na
GCA_012516515.1	PRJNA623736	SAMN14558572	na	na	584	584	Proteus mirabilis	strain=STP3	na	latest	Complete Genome	Major	Full	2020-04-19	ASM1251651v1	Sichuan University	GCF_012516515.1	identical	https://ftp.ncbi.nlm.nih.gov/genomes/all/GCA/012/516/515/GCA_012516515.1_ASM1251651v1	na	na	na	haploid	bacteria	4115975	4115975	39.000000	1	1	1	NCBI	NCBI Prokaryotic Genome Annotation Pipeline (PGAP)	2020-04-09	3844	3640	110	na
GCA_013255765.1	PRJNA634613	SAMN15002270	na	na	584	584	Proteus mirabilis	strain=JPM24	na	latest	Complete Genome	Major	Full	2020-06-03	ASM1325576v1	South China Agricultural University	GCF_013255765.1	identical	https://ftp.ncbi.nlm.nih.gov/genomes/all/GCA/013/255/765/GCA_013255765.1_ASM1325576v1	na	na	na	haploid	bacteria	4086189	4086189	39.000000	2	2	2	NCBI	NCBI Prokaryotic Genome Annotation Pipeline (PGAP)	2020-05-28	3774	3589	109	na
GCA_013256075.1	PRJNA634613	SAMN15002272	na	na	584	584	Proteus mirabilis	strain=YPM35	na	latest	Complete Genome	Major	Full	2020-06-03	ASM1325607v1	South China Agricultural University	GCF_013256075.1	identical	https://ftp.ncbi.nlm.nih.gov/genomes/all/GCA/013/256/075/GCA_013256075.1_ASM1325607v1	na	na	na	haploid	bacteria	4358590	4358590	39.000000	4	4	4	NCBI	NCBI Prokaryotic Genome Annotation Pipeline (PGAP)	2020-05-28	4142	3919	120	na
GCA_013343255.1	PRJNA577780	SAMN13037561	na	na	584	584	Proteus mirabilis	strain=L90-1	na	latest	Complete Genome	Major	Full	2020-06-15	ASM1334325v1	The first affiliated hospital of zhejiang university	GCF_013343255.1	identical	https://ftp.ncbi.nlm.nih.gov/genomes/all/GCA/013/343/255/GCA_013343255.1_ASM1334325v1	na	na	na	haploid	bacteria	4279833	4279833	39.500000	3	3	3	NCBI	NCBI Prokaryotic Genome Annotation Pipeline (PGAP)	2019-10-21	4101	3857	109	na
GCA_013357405.1	PRJNA633229	SAMN14938213	na	na	584	584	Proteus mirabilis	strain=MPE0734	na	latest	Complete Genome	Major	Full	2020-06-17	ASM1335740v1	microbial pathogenic ecology group	GCF_013357405.1	identical	https://ftp.ncbi.nlm.nih.gov/genomes/all/GCA/013/357/405/GCA_013357405.1_ASM1335740v1	na	na	na	haploid	bacteria	4055574	4055574	39.000000	1	1	1	na	na		0	0	0	na
GCA_013357425.1	PRJNA633229	SAMN14938214	na	na	584	584	Proteus mirabilis	strain=MPE0767	na	latest	Complete Genome	Major	Full	2020-06-17	ASM1335742v1	microbial pathogenic ecology group	GCF_013357425.1	identical	https://ftp.ncbi.nlm.nih.gov/genomes/all/GCA/013/357/425/GCA_013357425.1_ASM1335742v1	na	na	na	haploid	bacteria	4055642	4055642	39.000000	1	1	1	na	na		0	0	0	na
GCA_013357445.1	PRJNA631894	SAMN14896267	na	na	584	584	Proteus mirabilis	strain=S74-1(++)-2	na	latest	Complete Genome	Major	Full	2020-06-17	ASM1335744v1	microbial pathogenic ecology group	GCF_013357445.1	identical	https://ftp.ncbi.nlm.nih.gov/genomes/all/GCA/013/357/445/GCA_013357445.1_ASM1335744v1	na	na	na	haploid	bacteria	4029664	4029664	39.000000	1	1	1	na	na		0	0	0	na
GCA_013357465.1	PRJNA632453	SAMN14909661	na	na	584	584	Proteus mirabilis	strain=M3-1-17	na	latest	Complete Genome	Major	Full	2020-06-17	ASM1335746v1	microbial pathogenic ecology group	GCF_013357465.1	identical	https://ftp.ncbi.nlm.nih.gov/genomes/all/GCA/013/357/465/GCA_013357465.1_ASM1335746v1	na	na	na	haploid	bacteria	3970238	3970238	39.000000	1	1	1	na	na		0	0	0	na
GCA_013357485.1	PRJNA632462	SAMN14909848	na	na	584	584	Proteus mirabilis	strain=MPE0156	na	latest	Complete Genome	Major	Full	2020-06-17	ASM1335748v1	microbial pathogenic ecology group	GCF_013357485.1	identical	https://ftp.ncbi.nlm.nih.gov/genomes/all/GCA/013/357/485/GCA_013357485.1_ASM1335748v1	na	na	na	haploid	bacteria	3970204	3970204	39.000000	1	1	1	na	na		0	0	0	na
GCA_013357505.1	PRJNA632465	SAMN14910118	na	na	584	584	Proteus mirabilis	strain=MPE0027	na	latest	Complete Genome	Major	Full	2020-06-17	ASM1335750v1	microbial pathogenic ecology group	GCF_013357505.1	identical	https://ftp.ncbi.nlm.nih.gov/genomes/all/GCA/013/357/505/GCA_013357505.1_ASM1335750v1	na	na	na	haploid	bacteria	4120711	4120711	39.000000	1	1	1	na	na		0	0	0	na
GCA_013357525.1	PRJNA632650	SAMN14916645	na	na	584	584	Proteus mirabilis	strain=MPE4069	na	latest	Complete Genome	Major	Full	2020-06-17	ASM1335752v1	microbial pathogenic ecology group	GCF_013357525.1	identical	https://ftp.ncbi.nlm.nih.gov/genomes/all/GCA/013/357/525/GCA_013357525.1_ASM1335752v1	na	na	na	haploid	bacteria	4055965	4055965	39.000000	1	1	1	na	na		0	0	0	na
GCA_013357545.1	PRJNA633016	SAMN14930506	na	na	584	584	Proteus mirabilis	strain=MPE5139	na	latest	Complete Genome	Major	Full	2020-06-17	ASM1335754v1	microbial pathogenic ecology group	GCF_013357545.1	identical	https://ftp.ncbi.nlm.nih.gov/genomes/all/GCA/013/357/545/GCA_013357545.1_ASM1335754v1	na	na	na	haploid	bacteria	4104163	4104163	39.000000	1	1	1	na	na		0	0	0	na
GCA_013357565.1	PRJNA633018	SAMN14930855	na	na	584	584	Proteus mirabilis	strain=MPE5203	na	latest	Complete Genome	Major	Full	2020-06-17	ASM1335756v1	microbial pathogenic ecology group	GCF_013357565.1	identical	https://ftp.ncbi.nlm.nih.gov/genomes/all/GCA/013/357/565/GCA_013357565.1_ASM1335756v1	na	na	na	haploid	bacteria	3920300	3920300	39.000000	1	1	1	na	na		0	0	0	na
GCA_013357585.1	PRJNA633229	SAMN14937971	na	na	584	584	Proteus mirabilis	strain=MPE0346	na	latest	Complete Genome	Major	Full	2020-06-17	ASM1335758v1	microbial pathogenic ecology group	GCF_013357585.1	identical	https://ftp.ncbi.nlm.nih.gov/genomes/all/GCA/013/357/585/GCA_013357585.1_ASM1335758v1	na	na	na	haploid	bacteria	4203751	4203751	39.000000	1	1	1	na	na		0	0	0	na
GCA_013358795.1	PRJNA588589	SAMN13254340	na	na	584	584	Proteus mirabilis	strain=HN2p	na	latest	Complete Genome	Major	Full	2020-06-18	ASM1335879v1	Sichuan University	GCF_013358795.1	identical	https://ftp.ncbi.nlm.nih.gov/genomes/all/GCA/013/358/795/GCA_013358795.1_ASM1335879v1	na	na	na	haploid	bacteria	4172466	4172466	39.500000	1	1	1	NCBI	NCBI Prokaryotic Genome Annotation Pipeline (PGAP)	2019-11-14	3873	3644	110	na
GCA_014843115.1	PRJNA656064	SAMN15770595	na	na	584	584	Proteus mirabilis	strain=S012	na	latest	Complete Genome	Major	Full	2020-10-05	ASM1484311v1	Wuhan Polytechnic University	GCF_014843115.1	identical	https://ftp.ncbi.nlm.nih.gov/genomes/all/GCA/014/843/115/GCA_014843115.1_ASM1484311v1	na	na	na	haploid	bacteria	4072318	4072318	39.000000	1	1	1	na	na		0	0	0	na
GCA_014931585.1	PRJNA601609	SAMN13870809	na	na	584	584	Proteus mirabilis	strain=ChSC1905	na	latest	Complete Genome	Major	Full	2020-10-26	ASM1493158v1	Sichuan University	GCF_014931585.1	identical	https://ftp.ncbi.nlm.nih.gov/genomes/all/GCA/014/931/585/GCA_014931585.1_ASM1493158v1	na	na	na	haploid	bacteria	4038038	4038038	39.000000	1	1	1	NCBI	NCBI Prokaryotic Genome Annotation Pipeline (PGAP)	2020-01-21	3755	3573	110	na
GCA_015169015.1	PRJNA670828	SAMN16521237	na	na	584	584	Proteus mirabilis	strain=Yak 2019	na	latest	Complete Genome	Major	Full	2020-11-02	ASM1516901v1	Northwest Minzu University	GCF_015169015.1	identical	https://ftp.ncbi.nlm.nih.gov/genomes/all/GCA/015/169/015/GCA_015169015.1_ASM1516901v1	na	na	na	haploid	bacteria	4013382	4013382	39.000000	1	1	1	NCBI	NCBI Prokaryotic Genome Annotation Pipeline (PGAP)	2020-10-27	3701	3527	109	na
GCA_015693865.1	PRJNA678945	SAMN16816155	na	na	584	584	Proteus mirabilis	strain=PmBJ015-2	na	latest	Complete Genome	Major	Full	2020-11-29	ASM1569386v1	Center for Disease Prevention and Control of PLA	GCF_015693865.1	identical	https://ftp.ncbi.nlm.nih.gov/genomes/all/GCA/015/693/865/GCA_015693865.1_ASM1569386v1	na	na	na	haploid	bacteria	3919144	3919144	39.000000	1	1	1	NCBI	NCBI Prokaryotic Genome Annotation Pipeline (PGAP)	2020-11-20	3574	3416	113	na
GCA_015693965.1	PRJNA678945	SAMN16816126	na	na	584	584	Proteus mirabilis	strain=PmBJ012-2	na	latest	Complete Genome	Major	Full	2020-11-29	ASM1569396v1	Center for Disease Prevention and Control of PLA	GCF_015693965.1	identical	https://ftp.ncbi.nlm.nih.gov/genomes/all/GCA/015/693/965/GCA_015693965.1_ASM1569396v1	na	na	na	haploid	bacteria	3919144	3919144	39.000000	1	1	1	NCBI	NCBI Prokaryotic Genome Annotation Pipeline (PGAP)	2020-11-20	3573	3415	113	na
GCA_015693985.1	PRJNA678945	SAMN16816180	na	na	584	584	Proteus mirabilis	strain=PmBJ024-1	na	latest	Complete Genome	Major	Full	2020-11-29	ASM1569398v1	Center for Disease Prevention and Control of PLA	GCF_015693985.1	identical	https://ftp.ncbi.nlm.nih.gov/genomes/all/GCA/015/693/985/GCA_015693985.1_ASM1569398v1	na	na	na	haploid	bacteria	3912751	3912751	39.000000	1	1	1	NCBI	NCBI Prokaryotic Genome Annotation Pipeline (PGAP)	2020-11-20	3564	3410	113	na
GCA_015694005.1	PRJNA678945	SAMN16816163	na	na	584	584	Proteus mirabilis	strain=PmBJ023-2	na	latest	Complete Genome	Major	Full	2020-11-29	ASM1569400v1	Center for Disease Prevention and Control of PLA	GCF_015694005.1	identical	https://ftp.ncbi.nlm.nih.gov/genomes/all/GCA/015/694/005/GCA_015694005.1_ASM1569400v1	na	na	na	haploid	bacteria	3919452	3919452	39.000000	1	1	1	NCBI	NCBI Prokaryotic Genome Annotation Pipeline (PGAP)	2020-11-20	3573	3413	113	na
GCA_015694025.1	PRJNA678945	SAMN16816162	na	na	584	584	Proteus mirabilis	strain=PmBJ020-1	na	latest	Complete Genome	Major	Full	2020-11-29	ASM1569402v1	Center for Disease Prevention and Control of PLA	GCF_015694025.1	identical	https://ftp.ncbi.nlm.nih.gov/genomes/all/GCA/015/694/025/GCA_015694025.1_ASM1569402v1	na	na	na	haploid	bacteria	3911345	3911345	39.000000	1	1	1	NCBI	NCBI Prokaryotic Genome Annotation Pipeline (PGAP)	2020-11-20	3560	3407	113	na
GCA_016725905.1	PRJNA231221	SAMN16357248	na	na	584	584	Proteus mirabilis	strain=FDAARGOS_1079	na	latest	Complete Genome	Major	Full	2021-01-20	ASM1672590v1	US Food and Drug Administration	GCF_016725905.1	identical	https://ftp.ncbi.nlm.nih.gov/genomes/all/GCA/016/725/905/GCA_016725905.1_ASM1672590v1	na	na	na	haploid	bacteria	4035539	4035539	39.000000	1	1	1	NCBI	NCBI Prokaryotic Genome Annotation Pipeline (PGAP)	2021-01-13	3729	3550	106	na
GCA_016772335.1	PRJNA574562	SAMN12859940	na	na	584	584	Proteus mirabilis	strain=C55	na	latest	Complete Genome	Major	Full	2021-01-29	ASM1677233v1	Sichuan University	GCF_016772335.1	identical	https://ftp.ncbi.nlm.nih.gov/genomes/all/GCA/016/772/335/GCA_016772335.1_ASM1677233v1	na	na	na	haploid	bacteria	4216749	4216749	39.000000	1	1	1	NCBI	NCBI Prokaryotic Genome Annotation Pipeline (PGAP)	2019-09-30	3972	3732	111	32516381
GCA_016772355.1	PRJNA574564	SAMN12859943	na	na	584	584	Proteus mirabilis	strain=C74	na	latest	Complete Genome	Major	Full	2021-01-29	ASM1677235v1	Sichuan University	GCF_016772355.1	identical	https://ftp.ncbi.nlm.nih.gov/genomes/all/GCA/016/772/355/GCA_016772355.1_ASM1677235v1	na	na	na	haploid	bacteria	4183869	4183869	39.000000	1	1	1	NCBI	NCBI Prokaryotic Genome Annotation Pipeline (PGAP)	2019-09-30	3926	3693	111	32516381
GCA_016939715.1	PRJNA700516	SAMN16933295	na	na	584	584	Proteus mirabilis	strain=PM52260	na	latest	Complete Genome	Major	Full	2021-02-25	ASM1693971v1	Charles University in Prague	GCF_016939715.1	identical	https://ftp.ncbi.nlm.nih.gov/genomes/all/GCA/016/939/715/GCA_016939715.1_ASM1693971v1	na	na	na	haploid	bacteria	4296295	4296295	39.500000	3	3	3	NCBI	NCBI Prokaryotic Genome Annotation Pipeline (PGAP)	2021-02-18	4045	3821	109	34344951
GCA_016939735.1	PRJNA700516	SAMN16933297	na	na	584	584	Proteus mirabilis	strain=PM52808	na	latest	Complete Genome	Major	Full	2021-02-25	ASM1693973v1	Charles University in Prague	GCF_016939735.1	identical	https://ftp.ncbi.nlm.nih.gov/genomes/all/GCA/016/939/735/GCA_016939735.1_ASM1693973v1	na	na	na	haploid	bacteria	4300807	4300807	39.500000	4	4	4	NCBI	NCBI Prokaryotic Genome Annotation Pipeline (PGAP)	2021-02-18	4047	3819	112	34344951
GCA_017161055.1	PRJNA588591	SAMN13254342	na	na	584	584	Proteus mirabilis	strain=DY.F1.2	na	latest	Complete Genome	Major	Full	2021-03-03	ASM1716105v1	Sichuan University	GCF_017161055.1	identical	https://ftp.ncbi.nlm.nih.gov/genomes/all/GCA/017/161/055/GCA_017161055.1_ASM1716105v1	na	na	na	haploid	bacteria	4180371	4180371	39.000000	2	2	2	NCBI	NCBI Prokaryotic Genome Annotation Pipeline (PGAP)	2019-11-14	3863	3640	108	na
GCA_017808555.1	PRJNA685919	SAMN17100626	na	na	584	584	Proteus mirabilis	strain=RGF134-1	na	latest	Complete Genome	Major	Full	2021-04-06	ASM1780855v1	Yangzhou university	GCF_017808555.1	identical	https://ftp.ncbi.nlm.nih.gov/genomes/all/GCA/017/808/555/GCA_017808555.1_ASM1780855v1	na	na	na	haploid	bacteria	4105715	4105715	39.500000	3	3	3	NCBI	NCBI Prokaryotic Genome Annotation Pipeline (PGAP)	2021-01-04	3803	3608	109	33875423
GCA_017901195.1	PRJNA719276	SAMN18593959	na	na	584	584	Proteus mirabilis	strain=1035	na	latest	Complete Genome	Major	Full	2021-04-12	ASM1790119v1	Shanghai Jiao Tong University	GCF_017901195.1	identical	https://ftp.ncbi.nlm.nih.gov/genomes/all/GCA/017/901/195/GCA_017901195.1_ASM1790119v1	na	na	na	haploid	bacteria	4158835	4158835	39.000000	2	2	2	NCBI	NCBI Prokaryotic Genome Annotation Pipeline (PGAP)	2021-04-06	3859	3676	110	na
GCA_018138945.1	PRJNA722615	SAMN18781111	na	na	584	584	Proteus mirabilis	strain=N292	na	latest	Complete Genome	Major	Full	2021-04-25	ASM1813894v1	microbial pathogenic ecology group	GCF_018138945.1	identical	https://ftp.ncbi.nlm.nih.gov/genomes/all/GCA/018/138/945/GCA_018138945.1_ASM1813894v1	na	na	na	haploid	bacteria	3924008	3924008	38.500000	1	1	1	na	na		0	0	0	na
GCA_018138985.1	PRJNA722609	SAMN18781106	na	na	584	584	Proteus mirabilis	strain=N639-2X	na	latest	Complete Genome	Major	Full	2021-04-25	ASM1813898v1	microbial pathogenic ecology group	GCF_018138985.1	identical	https://ftp.ncbi.nlm.nih.gov/genomes/all/GCA/018/138/985/GCA_018138985.1_ASM1813898v1	na	na	na	haploid	bacteria	3814885	3814885	38.500000	1	1	1	na	na		0	0	0	na
GCA_018139005.1	PRJNA722612	SAMN18781108	na	na	584	584	Proteus mirabilis	strain=S62-3-2-2	na	latest	Complete Genome	Major	Full	2021-04-25	ASM1813900v1	microbial pathogenic ecology group	GCF_018139005.1	identical	https://ftp.ncbi.nlm.nih.gov/genomes/all/GCA/018/139/005/GCA_018139005.1_ASM1813900v1	na	na	na	haploid	bacteria	3952956	3952956	39.000000	1	1	1	na	na		0	0	0	na
GCA_018139105.1	PRJNA722608	SAMN18781105	na	na	584	584	Proteus mirabilis	strain=S74-3-2	na	latest	Complete Genome	Major	Full	2021-04-25	ASM1813910v1	microbial pathogenic ecology group	GCF_018139105.1	identical	https://ftp.ncbi.nlm.nih.gov/genomes/all/GCA/018/139/105/GCA_018139105.1_ASM1813910v1	na	na	na	haploid	bacteria	3970133	3970133	39.000000	1	1	1	na	na		0	0	0	na
GCA_018336495.1	PRJNA600292	SAMN13812099	na	na	584	584	Proteus mirabilis	strain=SNYG35	na	latest	Complete Genome	Major	Full	2021-05-11	ASM1833649v1	Sichuan University	GCF_018336495.1	identical	https://ftp.ncbi.nlm.nih.gov/genomes/all/GCA/018/336/495/GCA_018336495.1_ASM1833649v1	na	na	na	haploid	bacteria	4180427	4180427	39.000000	2	2	2	NCBI	NCBI Prokaryotic Genome Annotation Pipeline (PGAP)	2020-01-13	3860	3646	108	33476836
GCA_018421655.2	PRJNA692829	SAMN17373069	na	na	584	584	Proteus mirabilis	strain=Survcare401	na	latest	Complete Genome	Major	Full	2025-01-16	ASM1842165v2	Institute of Medical Microbiology, Justus-Liebig-University Giessen	GCF_018421655.2	identical	https://ftp.ncbi.nlm.nih.gov/genomes/all/GCA/018/421/655/GCA_018421655.2_ASM1842165v2	na	na	na	haploid	bacteria	4361033	4361033	39.500000	3	3	3	NCBI	NCBI Prokaryotic Genome Annotation Pipeline (PGAP)	2025-01-08	4143	3923	109	na
GCA_018972025.2	PRJNA679136	SAMN16824307	na	na	584	584	Proteus mirabilis	strain=XH1653	na	latest	Complete Genome	Major	Full	2021-07-29	ASM1897202v2	Zhejiang University	GCF_018972025.2	identical	https://ftp.ncbi.nlm.nih.gov/genomes/all/GCA/018/972/025/GCA_018972025.2_ASM1897202v2	na	na	na	haploid	bacteria	4113628	4113628	39.000000	1	1	1	NCBI	NCBI Prokaryotic Genome Annotation Pipeline (PGAP)	2021-07-29	3834	3645	109	na
GCA_019192645.1	PRJNA736086	SAMN19608370	na	na	584	584	Proteus mirabilis	strain=6Pmi283	na	latest	Complete Genome	Major	Full	2021-07-11	ASM1919264v1	Universidad El Bosque	GCF_019192645.1	identical	https://ftp.ncbi.nlm.nih.gov/genomes/all/GCA/019/192/645/GCA_019192645.1_ASM1919264v1	na	na	na	haploid	bacteria	4189249	4189249	39.000000	3	3	3	Universidad El Bosque	Annotation submitted by Universidad El Bosque	2021-07-11	3896	3789	107	na
GCA_019443785.1	PRJNA605713	SAMN14074717	na	na	584	584	Proteus mirabilis	strain=HNS2p	na	latest	Complete Genome	Major	Full	2021-08-03	ASM1944378v1	Sichuan University	GCF_019443785.1	identical	https://ftp.ncbi.nlm.nih.gov/genomes/all/GCA/019/443/785/GCA_019443785.1_ASM1944378v1	na	na	na	haploid	bacteria	4204682	4204682	39.500000	1	1	1	NCBI	NCBI Prokaryotic Genome Annotation Pipeline (PGAP)	2020-02-11	3911	3680	110	na
GCA_021228935.1	PRJNA787444	SAMN23803107	na	na	584	584	Proteus mirabilis	strain=PM1162	na	latest	Complete Genome	Major	Full	2021-12-19	ASM2122893v1	Jinan University	GCF_021228935.1	identical	https://ftp.ncbi.nlm.nih.gov/genomes/all/GCA/021/228/935/GCA_021228935.1_ASM2122893v1	na	na	na	haploid	bacteria	4241081	4241081	39.000000	2	2	2	NCBI	NCBI Prokaryotic Genome Annotation Pipeline (PGAP)	2021-12-13	4033	3833	109	na
GCA_022353845.1	PRJNA603241	SAMN13925540	na	na	584	584	Proteus mirabilis	strain=STIN_74	na	latest	Complete Genome	Major	Full	2022-02-22	ASM2235384v1	The University of Hong Kong	GCF_022353845.1	identical	https://ftp.ncbi.nlm.nih.gov/genomes/all/GCA/022/353/845/GCA_022353845.1_ASM2235384v1	na	na	na	haploid	bacteria	3936031	3936031	39.000000	1	1	1	NCBI	NCBI Prokaryotic Genome Annotation Pipeline (PGAP)	2020-06-16	3636	3460	109	35078531
GCA_022354605.1	PRJNA603241	SAMN13925601	na	na	584	584	Proteus mirabilis	strain=SWHIN_109	na	latest	Complete Genome	Major	Full	2022-02-22	ASM2235460v1	The University of Hong Kong	GCF_022354605.1	identical	https://ftp.ncbi.nlm.nih.gov/genomes/all/GCA/022/354/605/GCA_022354605.1_ASM2235460v1	na	na	na	haploid	bacteria	4000636	4000636	39.000000	1	1	1	NCBI	NCBI Prokaryotic Genome Annotation Pipeline (PGAP)	2020-06-16	3664	3495	109	35078531
GCA_022453625.1	PRJNA808804	SAMN26106932	na	na	584	584	Proteus mirabilis	strain=PM8762	na	latest	Complete Genome	Major	Full	2022-03-03	ASM2245362v1	Jinhua Central Hospital	GCF_022453625.1	identical	https://ftp.ncbi.nlm.nih.gov/genomes/all/GCA/022/453/625/GCA_022453625.1_ASM2245362v1	na	na	na	haploid	bacteria	4285781	4285781	39.500000	1	1	1	na	na		0	0	0	na
GCA_023093855.1	PRJNA674484	SAMN27177301	na	na	584	584	Proteus mirabilis	strain=T1010	na	latest	Complete Genome	Major	Full	2022-04-24	ASM2309385v1	City University of Hong Kong	GCF_023093855.1	identical	https://ftp.ncbi.nlm.nih.gov/genomes/all/GCA/023/093/855/GCA_023093855.1_ASM2309385v1	na	na	na	haploid	bacteria	4001374	4001374	39.000000	1	1	1	na	na		0	0	0	na
GCA_023203255.3	PRJNA288601	SAMN27992998	na	na	584	584	Proteus mirabilis	strain=2022CK-00288	na	latest	Complete Genome	Major	Full	2023-08-16	ASM2320325v3	Centers for Disease Control and Prevention. Division of Healthcare Quality Promotion	na	na	https://ftp.ncbi.nlm.nih.gov/genomes/all/GCA/023/203/255/GCA_023203255.3_ASM2320325v3	from large multi-isolate project	na	na	haploid	bacteria	4104322	4104322	39.000000	2	2	2	NCBI	NCBI Prokaryotic Genome Annotation Pipeline (PGAP)	2023-08-09	3811	3638	107	na
GCA_023242175.1	PRJNA825519	SAMN27518677	na	na	584	584	Proteus mirabilis	strain=HURS-181823	na	latest	Complete Genome	Major	Full	2022-05-05	ASM2324217v1	University Hospital Reina Sofia, Cordoba, Spain	GCF_023242175.1	identical	https://ftp.ncbi.nlm.nih.gov/genomes/all/GCA/023/242/175/GCA_023242175.1_ASM2324217v1	na	na	na	haploid	bacteria	4278183	4278183	39.000000	1	1	1	NCBI	NCBI Prokaryotic Genome Annotation Pipeline (PGAP)	2022-04-29	4048	3881	111	na
GCA_023242195.1	PRJNA825519	SAMN27518675	na	na	584	584	Proteus mirabilis	strain=HURS-186083	na	latest	Complete Genome	Major	Full	2022-05-05	ASM2324219v1	University Hospital Reina Sofia, Cordoba, Spain	GCF_023242195.1	identical	https://ftp.ncbi.nlm.nih.gov/genomes/all/GCA/023/242/195/GCA_023242195.1_ASM2324219v1	na	na	na	haploid	bacteria	4278169	4278169	39.000000	1	1	1	NCBI	NCBI Prokaryotic Genome Annotation Pipeline (PGAP)	2022-04-29	4044	3877	111	na
GCA_023702535.1	PRJNA843513	SAMN28745244	na	na	584	584	Proteus mirabilis	strain=FZP3105	na	latest	Complete Genome	Major	Full	2022-06-12	ASM2370253v1	Southwest Medical University	GCF_023702535.1	identical	https://ftp.ncbi.nlm.nih.gov/genomes/all/GCA/023/702/535/GCA_023702535.1_ASM2370253v1	contaminated	na	na	haploid	bacteria	4312705	4312705	39.500000	2	2	2	NCBI	NCBI Prokaryotic Genome Annotation Pipeline (PGAP)	2022-06-02	4054	3855	109	na
GCA_023702555.1	PRJNA843520	SAMN28745298	na	na	584	584	Proteus mirabilis	strain=FZP2826	na	latest	Complete Genome	Major	Full	2022-06-12	ASM2370255v1	Southwest Medical University	GCF_023702555.1	identical	https://ftp.ncbi.nlm.nih.gov/genomes/all/GCA/023/702/555/GCA_023702555.1_ASM2370255v1	na	na	na	haploid	bacteria	4026988	4026988	39.000000	1	1	1	NCBI	NCBI Prokaryotic Genome Annotation Pipeline (PGAP)	2022-06-02	3716	3558	109	na
GCA_023702575.1	PRJNA843522	SAMN28745299	na	na	584	584	Proteus mirabilis	strain=FZP2936	na	latest	Complete Genome	Major	Full	2022-06-12	ASM2370257v1	Southwest Medical University	GCF_023702575.1	identical	https://ftp.ncbi.nlm.nih.gov/genomes/all/GCA/023/702/575/GCA_023702575.1_ASM2370257v1	na	na	na	haploid	bacteria	4245458	4245458	39.000000	3	3	3	NCBI	NCBI Prokaryotic Genome Annotation Pipeline (PGAP)	2022-06-02	4036	3848	109	na
GCA_023702595.1	PRJNA843524	SAMN28745301	na	na	584	584	Proteus mirabilis	strain=FZP3115	na	latest	Complete Genome	Major	Full	2022-06-12	ASM2370259v1	Southwest Medical University	GCF_023702595.1	identical	https://ftp.ncbi.nlm.nih.gov/genomes/all/GCA/023/702/595/GCA_023702595.1_ASM2370259v1	na	na	na	haploid	bacteria	4245458	4245458	39.000000	3	3	3	NCBI	NCBI Prokaryotic Genome Annotation Pipeline (PGAP)	2022-06-03	4036	3848	109	na
GCA_024138795.1	PRJNA713920	SAMN18275117	na	na	584	584	Proteus mirabilis	strain=swupm1	na	latest	Complete Genome	Major	Full	2022-07-05	ASM2413879v1	Southwest Univerisity	GCF_024138795.1	identical	https://ftp.ncbi.nlm.nih.gov/genomes/all/GCA/024/138/795/GCA_024138795.1_ASM2413879v1	na	na	na	haploid	bacteria	3842888	3842888	38.500000	4	4	4	NCBI	NCBI Prokaryotic Genome Annotation Pipeline (PGAP)	2021-03-15	3501	3325	110	na
GCA_024138815.1	PRJNA713925	SAMN18275150	na	na	584	584	Proteus mirabilis	strain=swupm2	na	latest	Complete Genome	Major	Full	2022-07-05	ASM2413881v1	Southwest Univerisity	GCF_024138815.1	identical	https://ftp.ncbi.nlm.nih.gov/genomes/all/GCA/024/138/815/GCA_024138815.1_ASM2413881v1	na	na	na	haploid	bacteria	3842858	3842858	38.500000	3	3	3	NCBI	NCBI Prokaryotic Genome Annotation Pipeline (PGAP)	2021-03-15	3505	3324	110	na
GCA_024138835.1	PRJNA713929	SAMN18275199	na	na	584	584	Proteus mirabilis	strain=swupm3	na	latest	Complete Genome	Major	Full	2022-07-05	ASM2413883v1	Southwest Univerisity	GCF_024138835.1	identical	https://ftp.ncbi.nlm.nih.gov/genomes/all/GCA/024/138/835/GCA_024138835.1_ASM2413883v1	na	na	na	haploid	bacteria	3842875	3842875	38.500000	4	4	4	NCBI	NCBI Prokaryotic Genome Annotation Pipeline (PGAP)	2021-03-15	3507	3329	110	na
GCA_025264285.1	PRJNA487687	SAMN09908145	na	na	584	584	Proteus mirabilis	strain=XH983	na	latest	Complete Genome	Major	Full	2022-09-19	ASM2526428v1	Zhejiang University	GCF_025264285.1	identical	https://ftp.ncbi.nlm.nih.gov/genomes/all/GCA/025/264/285/GCA_025264285.1_ASM2526428v1	na	na	na	haploid	bacteria	4153141	4153141	39.000000	2	2	2	NCBI	NCBI Prokaryotic Genome Annotation Pipeline (PGAP)	2018-08-27	3940	3713	109	na
GCA_025398955.1	PRJNA876235	SAMN30648324	na	na	584	584	Proteus mirabilis	strain=NG-ABK-32	na	latest	Complete Genome	Major	Full	2022-09-25	ASM2539895v1	Life and Earth Sciences Institute (Including Health and Agriculture), PAULESI	GCF_025398955.1	identical	https://ftp.ncbi.nlm.nih.gov/genomes/all/GCA/025/398/955/GCA_025398955.1_ASM2539895v1	na	na	na	haploid	bacteria	3824562	3824562	38.500000	1	1	1	NCBI	NCBI Prokaryotic Genome Annotation Pipeline (PGAP)	2022-09-19	3622	3373	100	na
GCA_025490355.1	PRJNA882251	SAMN30912358	na	na	584	584	Proteus mirabilis	strain=W47	na	latest	Complete Genome	Major	Full	2022-09-29	ASM2549035v1	Henan Agricultural University	GCF_025490355.1	identical	https://ftp.ncbi.nlm.nih.gov/genomes/all/GCA/025/490/355/GCA_025490355.1_ASM2549035v1	na	na	na	haploid	bacteria	3924639	3924639	39.000000	3	3	3	na	na		0	0	0	na
GCA_025998255.1	PRJDB10427	SAMD00396921	na	na	584	584	Proteus mirabilis	strain=NUITM-VP1	na	latest	Complete Genome	Major	Full	2022-09-22	ASM2599825v1	AMR Research Center, National Institute of Infectious Diseases	GCF_025998255.1	identical	https://ftp.ncbi.nlm.nih.gov/genomes/all/GCA/025/998/255/GCA_025998255.1_ASM2599825v1	na	na	na	haploid	bacteria	4112200	4112200	39.000000	3	3	3	AMR Research Center, National Institute of Infectious Diseases	Annotation submitted by AMR Research Center, National Institute of Infectious Diseases	2022-09-22	3854	3750	104	na
GCA_026016045.1	PRJNA895692	SAMN31527003	na	na	584	584	Proteus mirabilis	strain=CZP17	na	latest	Complete Genome	Major	Full	2022-11-07	ASM2601604v1	Yangzhou	GCF_026016045.1	identical	https://ftp.ncbi.nlm.nih.gov/genomes/all/GCA/026/016/045/GCA_026016045.1_ASM2601604v1	na	na	na	haploid	bacteria	4134677	4134677	39.000000	1	1	1	NCBI	NCBI Prokaryotic Genome Annotation Pipeline (PGAP)	2022-11-01	3808	3636	109	na
GCA_026016065.1	PRJNA895692	SAMN31527195	na	na	584	584	Proteus mirabilis	strain=CZP44	na	latest	Complete Genome	Major	Full	2022-11-07	ASM2601606v1	Yangzhou	GCF_026016065.1	identical	https://ftp.ncbi.nlm.nih.gov/genomes/all/GCA/026/016/065/GCA_026016065.1_ASM2601606v1	na	na	na	haploid	bacteria	4060092	4060092	39.000000	1	1	1	NCBI	NCBI Prokaryotic Genome Annotation Pipeline (PGAP)	2022-11-01	3718	3562	108	na
GCA_026016085.1	PRJNA895692	SAMN31527216	na	na	584	584	Proteus mirabilis	strain=CZP26	na	latest	Complete Genome	Major	Full	2022-11-07	ASM2601608v1	Yangzhou	GCF_026016085.1	identical	https://ftp.ncbi.nlm.nih.gov/genomes/all/GCA/026/016/085/GCA_026016085.1_ASM2601608v1	na	na	na	haploid	bacteria	4055691	4055691	39.000000	2	2	2	NCBI	NCBI Prokaryotic Genome Annotation Pipeline (PGAP)	2022-11-01	3763	3605	109	na
GCA_026016105.1	PRJNA895692	SAMN31527276	na	na	584	584	Proteus mirabilis	strain=NYP69	na	latest	Complete Genome	Major	Full	2022-11-07	ASM2601610v1	Yangzhou	GCF_026016105.1	identical	https://ftp.ncbi.nlm.nih.gov/genomes/all/GCA/026/016/105/GCA_026016105.1_ASM2601610v1	na	na	na	haploid	bacteria	4130619	4130619	39.000000	1	1	1	NCBI	NCBI Prokaryotic Genome Annotation Pipeline (PGAP)	2022-11-01	3858	3688	109	na
GCA_026016125.1	PRJNA895692	SAMN31527305	na	na	584	584	Proteus mirabilis	strain=NYP73	na	latest	Complete Genome	Major	Full	2022-11-07	ASM2601612v1	Yangzhou	GCF_026016125.1	identical	https://ftp.ncbi.nlm.nih.gov/genomes/all/GCA/026/016/125/GCA_026016125.1_ASM2601612v1	na	na	na	haploid	bacteria	4134743	4134743	39.000000	1	1	1	NCBI	NCBI Prokaryotic Genome Annotation Pipeline (PGAP)	2022-11-01	3867	3700	109	na
GCA_026016145.1	PRJNA895692	SAMN31527278	na	na	584	584	Proteus mirabilis	strain=NYP6	na	latest	Complete Genome	Major	Full	2022-11-07	ASM2601614v1	Yangzhou	GCF_026016145.1	identical	https://ftp.ncbi.nlm.nih.gov/genomes/all/GCA/026/016/145/GCA_026016145.1_ASM2601614v1	na	na	na	haploid	bacteria	4149995	4149995	39.000000	1	1	1	NCBI	NCBI Prokaryotic Genome Annotation Pipeline (PGAP)	2022-11-01	3876	3706	109	na
GCA_026167565.1	PRJNA898893	SAMN31634663	na	na	584	584	Proteus mirabilis	strain=DP2019	na	latest	Complete Genome	Major	Full	2022-11-14	ASM2616756v1	Guangzhou Medical University	GCF_026167565.1	identical	https://ftp.ncbi.nlm.nih.gov/genomes/all/GCA/026/167/565/GCA_026167565.1_ASM2616756v1	na	na	na	haploid	bacteria	3817239	3817239	38.500000	1	1	1	NCBI	NCBI Prokaryotic Genome Annotation Pipeline (PGAP)	2022-11-08	3478	3336	109	na
GCA_028596005.1	PRJNA833106	SAMN26871936	na	na	584	584	Proteus mirabilis	strain=181-3b	na	latest	Complete Genome	Major	Full	2023-02-12	ASM2859600v1	JPIAMR ARMIS	GCF_028596005.1	identical	https://ftp.ncbi.nlm.nih.gov/genomes/all/GCA/028/596/005/GCA_028596005.1_ASM2859600v1	na	na	na	haploid	bacteria	4024377	4024377	39.000000	1	1	1	NCBI	NCBI Prokaryotic Genome Annotation Pipeline (PGAP)	2023-02-06	3713	3552	109	na
GCA_028768505.1	PRJNA935166	SAMN33299137	na	na	584	584	Proteus mirabilis	strain=CY32	na	latest	Complete Genome	Major	Full	2023-02-22	ASM2876850v1	Henan Agricultural University	GCF_028768505.1	identical	https://ftp.ncbi.nlm.nih.gov/genomes/all/GCA/028/768/505/GCA_028768505.1_ASM2876850v1	na	na	na	haploid	bacteria	4138474	4138474	39.000000	3	3	3	NCBI	NCBI Prokaryotic Genome Annotation Pipeline (PGAP)	2023-02-16	3891	3716	110	na
GCA_029201285.1	PRJNA935533	SAMN33575657	na	na	584	584	Proteus mirabilis	strain=HK294	na	latest	Complete Genome	Major	Full	2023-03-14	ASM2920128v1	University of Zurich	GCF_029201285.1	identical	https://ftp.ncbi.nlm.nih.gov/genomes/all/GCA/029/201/285/GCA_029201285.1_ASM2920128v1	na	na	na	haploid	bacteria	4003686	4003686	39.000000	1	1	1	NCBI	NCBI Prokaryotic Genome Annotation Pipeline (PGAP)	2023-03-08	3701	3537	109	na
GCA_029542365.1	PRJNA909031	SAMN32686646	na	na	584	584	Proteus mirabilis	strain=PM1-chromosome	na	latest	Complete Genome	Major	Full	2023-04-03	ASM2954236v1	sichuan university	GCF_029542365.1	identical	https://ftp.ncbi.nlm.nih.gov/genomes/all/GCA/029/542/365/GCA_029542365.1_ASM2954236v1	na	na	na	haploid	bacteria	3974854	3974854	39.000000	1	1	1	NCBI	NCBI Prokaryotic Genome Annotation Pipeline (PGAP)	2023-01-18	3662	3503	110	na
GCA_029542405.1	PRJNA904513	SAMN32241351	na	na	584	584	Proteus mirabilis	strain=IVRI/FBI/326	na	latest	Complete Genome	Major	Full	2023-04-03	ASM2954240v1	Indian Veterinary Research Institute	GCF_029542405.1	identical	https://ftp.ncbi.nlm.nih.gov/genomes/all/GCA/029/542/405/GCA_029542405.1_ASM2954240v1	annotation fails completeness check	na	na	haploid	bacteria	4218977	4218977	38.500000	1	1	1	NCBI	NCBI Prokaryotic Genome Annotation Pipeline (PGAP)	2023-02-10	3973	3699	75	na
GCA_029962305.1	PRJNA965933	SAMN34510058	na	na	584	584	Proteus mirabilis	strain=WSY-114	na	latest	Complete Genome	Major	Full	2023-05-10	ASM2996230v1	Tianjin Agricultural University	GCF_029962305.1	identical	https://ftp.ncbi.nlm.nih.gov/genomes/all/GCA/029/962/305/GCA_029962305.1_ASM2996230v1	na	na	na	haploid	bacteria	3980280	3980280	38.500000	1	1	1	NCBI	NCBI Prokaryotic Genome Annotation Pipeline (PGAP)	2023-05-04	3667	3518	109	na
GCA_030062035.1	PRJNA860342	SAMN29841163	na	na	584	584	Proteus mirabilis	strain=MN029	na	latest	Complete Genome	Major	Full	2023-05-22	ASM3006203v1	BIUST	GCF_030062035.1	identical	https://ftp.ncbi.nlm.nih.gov/genomes/all/GCA/030/062/035/GCA_030062035.1_ASM3006203v1	na	na	na	haploid	bacteria	3989563	3989563	38.500000	1	1	1	na	na		0	0	0	na
GCA_030166375.1	PRJNA974947	SAMN35302129	na	na	584	584	Proteus mirabilis	strain=W2	na	latest	Complete Genome	Major	Full	2023-06-05	ASM3016637v1	Shandong First Medical University	GCF_030166375.1	identical	https://ftp.ncbi.nlm.nih.gov/genomes/all/GCA/030/166/375/GCA_030166375.1_ASM3016637v1	na	na	na	haploid	bacteria	4037899	4037899	39.000000	1	1	1	NCBI	NCBI Prokaryotic Genome Annotation Pipeline (PGAP)	2023-05-26	3731	3548	111	na
GCA_030323005.1	PRJNA281531	SAMN27918893	na	na	584	584	Proteus mirabilis	strain=51661	na	latest	Complete Genome	Major	Full	2023-06-22	ASM3032300v1	USDA-ARS-USMARC	GCF_030323005.1	identical	https://ftp.ncbi.nlm.nih.gov/genomes/all/GCA/030/323/005/GCA_030323005.1_ASM3032300v1	na	na	na	haploid	bacteria	3818756	3818756	38.500000	1	1	1	NCBI	NCBI Prokaryotic Genome Annotation Pipeline (PGAP)	2022-05-02	3459	3329	110	na
GCA_031658075.3	PRJNA812595	SAMN37442925	na	na	584	584	Proteus mirabilis	strain=2023CK-01118	na	latest	Complete Genome	Major	Full	2023-12-20	ASM3165807v3	Utah Public Health Laboratory, Utah Public Health Laboratory Infectious Disease submission group	GCF_031658075.1	identical	https://ftp.ncbi.nlm.nih.gov/genomes/all/GCA/031/658/075/GCA_031658075.3_ASM3165807v3	na	na	na	haploid	bacteria	4111355	4111355	39.000000	2	2	2	NCBI	NCBI Prokaryotic Genome Annotation Pipeline (PGAP)	2023-12-12	3881	3708	109	na
GCA_032761195.1	PRJNA1025916	SAMN37729294	na	na	584	584	Proteus mirabilis	strain=PM1	na	latest	Complete Genome	Major	Full	2023-10-17	ASM3276119v1	Zhejiang Provincial People's Hospital (Affiliated People's Hospital, Hangzhou Medical College)	GCF_032761195.1	identical	https://ftp.ncbi.nlm.nih.gov/genomes/all/GCA/032/761/195/GCA_032761195.1_ASM3276119v1	na	na	na	haploid	bacteria	4244349	4244349	39.500000	2	2	2	NCBI	NCBI Prokaryotic Genome Annotation Pipeline (PGAP)	2023-10-10	4022	3823	109	na
GCA_033170405.1	PRJNA1031377	SAMN37935180	na	na	584	584	Proteus mirabilis	strain=PM22	na	latest	Complete Genome	Major	Full	2023-11-01	ASM3317040v1	Zhejiang Provincial People's Hospital (Affiliated People's Hospital, Hangzhou Medical College)	GCF_033170405.1	identical	https://ftp.ncbi.nlm.nih.gov/genomes/all/GCA/033/170/405/GCA_033170405.1_ASM3317040v1	na	na	na	haploid	bacteria	4004425	4004425	39.000000	3	3	3	NCBI	NCBI Prokaryotic Genome Annotation Pipeline (PGAP)	2023-10-25	3725	3564	110	na
GCA_033170425.1	PRJNA1031379	SAMN37935183	na	na	584	584	Proteus mirabilis	strain=PM33	na	latest	Complete Genome	Major	Full	2023-11-01	ASM3317042v1	Zhejiang Provincial People's Hospital (Affiliated People's Hospital, Hangzhou Medical College)	GCF_033170425.1	identical	https://ftp.ncbi.nlm.nih.gov/genomes/all/GCA/033/170/425/GCA_033170425.1_ASM3317042v1	na	na	na	haploid	bacteria	4560591	4560591	39.500000	3	3	3	NCBI	NCBI Prokaryotic Genome Annotation Pipeline (PGAP)	2023-10-25	4421	4215	109	na
GCA_033170445.1	PRJNA1031380	SAMN37935185	na	na	584	584	Proteus mirabilis	strain=PM23	na	latest	Complete Genome	Major	Full	2023-11-01	ASM3317044v1	Zhejiang Provincial People's Hospital (Affiliated People's Hospital, Hangzhou Medical College)	GCF_033170445.1	identical	https://ftp.ncbi.nlm.nih.gov/genomes/all/GCA/033/170/445/GCA_033170445.1_ASM3317044v1	na	na	na	haploid	bacteria	4043825	4043825	39.000000	1	1	1	NCBI	NCBI Prokaryotic Genome Annotation Pipeline (PGAP)	2023-10-25	3752	3589	110	na
GCA_033170465.1	PRJNA1031383	SAMN37935292	na	na	584	584	Proteus mirabilis	strain=PM35	na	latest	Complete Genome	Major	Full	2023-11-01	ASM3317046v1	Zhejiang Provincial People's Hospital (Affiliated People's Hospital, Hangzhou Medical College)	GCF_033170465.1	identical	https://ftp.ncbi.nlm.nih.gov/genomes/all/GCA/033/170/465/GCA_033170465.1_ASM3317046v1	na	na	na	haploid	bacteria	4201314	4201314	39.000000	3	3	3	NCBI	NCBI Prokaryotic Genome Annotation Pipeline (PGAP)	2023-10-25	3968	3775	109	na
GCA_033170485.1	PRJNA1031387	SAMN37935302	na	na	584	584	Proteus mirabilis	strain=PM38	na	latest	Complete Genome	Major	Full	2023-11-01	ASM3317048v1	Zhejiang Provincial People's Hospital (Affiliated People's Hospital, Hangzhou Medical College)	GCF_033170485.1	identical	https://ftp.ncbi.nlm.nih.gov/genomes/all/GCA/033/170/485/GCA_033170485.1_ASM3317048v1	na	na	na	haploid	bacteria	4117983	4117983	39.000000	2	2	2	NCBI	NCBI Prokaryotic Genome Annotation Pipeline (PGAP)	2023-10-25	3858	3650	109	na
GCA_033170505.1	PRJNA1031389	SAMN37935306	na	na	584	584	Proteus mirabilis	strain=PM44	na	latest	Complete Genome	Major	Full	2023-11-01	ASM3317050v1	Zhejiang Provincial People's Hospital (Affiliated People's Hospital, Hangzhou Medical College)	GCF_033170505.1	identical	https://ftp.ncbi.nlm.nih.gov/genomes/all/GCA/033/170/505/GCA_033170505.1_ASM3317050v1	na	na	na	haploid	bacteria	4117144	4117144	39.000000	2	2	2	NCBI	NCBI Prokaryotic Genome Annotation Pipeline (PGAP)	2023-10-25	3862	3670	109	na
GCA_033170525.1	PRJNA1031400	SAMN37935461	na	na	584	584	Proteus mirabilis	strain=PM54	na	latest	Complete Genome	Major	Full	2023-11-01	ASM3317052v1	Zhejiang Provincial People's Hospital (Affiliated People's Hospital, Hangzhou Medical College)	GCF_033170525.1	identical	https://ftp.ncbi.nlm.nih.gov/genomes/all/GCA/033/170/525/GCA_033170525.1_ASM3317052v1	na	na	na	haploid	bacteria	4560591	4560591	39.500000	3	3	3	NCBI	NCBI Prokaryotic Genome Annotation Pipeline (PGAP)	2023-10-25	4417	4211	109	na
GCA_033170545.1	PRJNA1031411	SAMN37935508	na	na	584	584	Proteus mirabilis	strain=PM65	na	latest	Complete Genome	Major	Full	2023-11-01	ASM3317054v1	Zhejiang Provincial People's Hospital (Affiliated People's Hospital, Hangzhou Medical College)	GCF_033170545.1	identical	https://ftp.ncbi.nlm.nih.gov/genomes/all/GCA/033/170/545/GCA_033170545.1_ASM3317054v1	na	na	na	haploid	bacteria	4163029	4163029	39.000000	3	3	3	NCBI	NCBI Prokaryotic Genome Annotation Pipeline (PGAP)	2023-10-25	3880	3697	109	na
GCA_033170575.1	PRJNA1031413	SAMN37935521	na	na	584	584	Proteus mirabilis	strain=PM73	na	latest	Complete Genome	Major	Full	2023-11-01	ASM3317057v1	Zhejiang Provincial People's Hospital (Affiliated People's Hospital, Hangzhou Medical College)	GCF_033170575.1	identical	https://ftp.ncbi.nlm.nih.gov/genomes/all/GCA/033/170/575/GCA_033170575.1_ASM3317057v1	na	na	na	haploid	bacteria	4268789	4268789	39.000000	2	2	2	NCBI	NCBI Prokaryotic Genome Annotation Pipeline (PGAP)	2023-10-25	4012	3815	109	na
GCA_033170595.1	PRJNA1031416	SAMN37936112	na	na	584	584	Proteus mirabilis	strain=PM74	na	latest	Complete Genome	Major	Full	2023-11-01	ASM3317059v1	Zhejiang Provincial People's Hospital (Affiliated People's Hospital, Hangzhou Medical College)	GCF_033170595.1	identical	https://ftp.ncbi.nlm.nih.gov/genomes/all/GCA/033/170/595/GCA_033170595.1_ASM3317059v1	na	na	na	haploid	bacteria	4269761	4269761	39.000000	2	2	2	NCBI	NCBI Prokaryotic Genome Annotation Pipeline (PGAP)	2023-10-25	4011	3814	109	na
GCA_033214275.1	PRJNA1030902	SAMN37919047	na	na	584	584	Proteus mirabilis	strain=PM15	na	latest	Complete Genome	Major	Full	2023-11-02	ASM3321427v1	Zhejiang Provincial People's Hospital (Affiliated People's Hospital, Hangzhou Medical College)	GCF_033214275.1	identical	https://ftp.ncbi.nlm.nih.gov/genomes/all/GCA/033/214/275/GCA_033214275.1_ASM3321427v1	na	na	na	haploid	bacteria	4117257	4117257	39.000000	2	2	2	NCBI	NCBI Prokaryotic Genome Annotation Pipeline (PGAP)	2023-10-27	3847	3658	109	na
GCA_033215415.1	PRJNA1030904	SAMN37919048	na	na	584	584	Proteus mirabilis	strain=PM16	na	latest	Complete Genome	Major	Full	2023-11-02	ASM3321541v1	Zhejiang Provincial People's Hospital (Affiliated People's Hospital, Hangzhou Medical College)	GCF_033215415.1	identical	https://ftp.ncbi.nlm.nih.gov/genomes/all/GCA/033/215/415/GCA_033215415.1_ASM3321541v1	na	na	na	haploid	bacteria	3982257	3982257	39.000000	3	3	3	NCBI	NCBI Prokaryotic Genome Annotation Pipeline (PGAP)	2023-10-27	3643	3482	110	na
GCA_033439945.1	PRJNA1031381	SAMN37935197	na	na	584	584	Proteus mirabilis	strain=PM32	na	latest	Complete Genome	Major	Full	2023-11-08	ASM3343994v1	Zhejiang Provincial People's Hospital (Affiliated People's Hospital, Hangzhou Medical College)	GCF_033439945.1	identical	https://ftp.ncbi.nlm.nih.gov/genomes/all/GCA/033/439/945/GCA_033439945.1_ASM3343994v1	na	na	na	haploid	bacteria	4042001	4042001	39.000000	1	1	1	NCBI	NCBI Prokaryotic Genome Annotation Pipeline (PGAP)	2023-11-01	3755	3593	109	na
GCA_033802725.1	PRJNA1031397	SAMN37935422	na	na	584	584	Proteus mirabilis	strain=PM46	na	latest	Complete Genome	Major	Full	2023-11-19	ASM3380272v1	Zhejiang Provincial People's Hospital (Affiliated People's Hospital, Hangzhou Medical College)	GCF_033802725.1	identical	https://ftp.ncbi.nlm.nih.gov/genomes/all/GCA/033/802/725/GCA_033802725.1_ASM3380272v1	na	na	na	haploid	bacteria	4117238	4117238	39.000000	2	2	2	NCBI	NCBI Prokaryotic Genome Annotation Pipeline (PGAP)	2023-11-13	3860	3669	109	na
GCA_034330965.2	PRJNA812595	SAMN38788856	na	na	584	584	Proteus mirabilis	strain=2023CK-01567	na	latest	Complete Genome	Major	Full	2024-02-01	ASM3433096v2	Utah Public Health Laboratory Infectious Disease submission group	GCF_034330965.1	identical	https://ftp.ncbi.nlm.nih.gov/genomes/all/GCA/034/330/965/GCA_034330965.2_ASM3433096v2	na	na	na	haploid	bacteria	4081770	4081770	39.000000	2	2	2	NCBI	NCBI Prokaryotic Genome Annotation Pipeline (PGAP)	2024-01-25	3762	3602	109	na
GCA_035919645.1	PRJNA1050411	SAMN38736073	na	na	584	584	Proteus mirabilis	strain=PM1164	na	latest	Complete Genome	Major	Full	2024-01-22	ASM3591964v1	ZHUHAI PEPOLE'S HOSPITAL	GCF_035919645.1	identical	https://ftp.ncbi.nlm.nih.gov/genomes/all/GCA/035/919/645/GCA_035919645.1_ASM3591964v1	na	na	na	haploid	bacteria	4034773	4034773	39.000000	2	2	2	NCBI	NCBI Prokaryotic Genome Annotation Pipeline (PGAP)	2024-01-16	3720	3560	109	na
GCA_035972075.1	PRJNA1050418	SAMN38739307	na	na	584	584	Proteus mirabilis	strain=PM230418060	na	latest	Complete Genome	Major	Full	2024-01-22	ASM3597207v1	ZHUHAI PEPOLE'S HOSPITAL	GCF_035972075.1	identical	https://ftp.ncbi.nlm.nih.gov/genomes/all/GCA/035/972/075/GCA_035972075.1_ASM3597207v1	na	na	na	haploid	bacteria	4024250	4024250	39.000000	1	1	1	NCBI	NCBI Prokaryotic Genome Annotation Pipeline (PGAP)	2024-01-16	3718	3559	109	na
GCA_036604195.1	PRJNA1074486	SAMN39861440	na	na	584	584	Proteus mirabilis	strain=PM1163	na	latest	Complete Genome	Major	Full	2024-02-14	ASM3660419v1	Zhuhai Hospital, Jinan University	GCF_036604195.1	identical	https://ftp.ncbi.nlm.nih.gov/genomes/all/GCA/036/604/195/GCA_036604195.1_ASM3660419v1	na	na	na	haploid	bacteria	4152585	4152585	39.500000	1	1	1	NCBI	NCBI Prokaryotic Genome Annotation Pipeline (PGAP)	2024-02-08	3838	3653	109	na
GCA_036871035.1	PRJNA885151	SAMN39972476	na	na	584	584	Proteus mirabilis	strain=pmi68	na	latest	Complete Genome	Major	Full	2024-02-26	ASM3687103v1	Clinical Laboratory, Weifang People's Hospital	GCF_036871035.1	identical	https://ftp.ncbi.nlm.nih.gov/genomes/all/GCA/036/871/035/GCA_036871035.1_ASM3687103v1	na	na	na	haploid	bacteria	4055839	4055839	39.000000	2	2	2	NCBI	NCBI Prokaryotic Genome Annotation Pipeline (PGAP)	2024-02-20	3749	3585	113	na
GCA_037113445.1	PRJNA1080331	SAMN40126636	na	na	584	584	Proteus mirabilis	strain=NXQI.22	na	latest	Complete Genome	Major	Full	2024-03-12	ASM3711344v1	Veterinary medicine laboratory, Lanzhou Institute of Husbandry and Pharmaceutical Sciences of CAAS	GCF_037113445.1	identical	https://ftp.ncbi.nlm.nih.gov/genomes/all/GCA/037/113/445/GCA_037113445.1_ASM3711344v1	na	na	na	haploid	bacteria	3862364	3862364	39.000000	1	1	1	na	na		0	0	0	na
GCA_037902785.1	PRJNA982542	SAMN35709919	na	na	584	584	Proteus mirabilis	strain=P13	na	latest	Complete Genome	Major	Full	2024-03-30	ASM3790278v1	Institute for Medical Microbiology, Immunology and Hygiene, Universtity Hospital Cologne	GCF_037902785.1	identical	https://ftp.ncbi.nlm.nih.gov/genomes/all/GCA/037/902/785/GCA_037902785.1_ASM3790278v1	na	na	na	haploid	bacteria	4335808	4335808	39.000000	2	2	2	NCBI	NCBI Prokaryotic Genome Annotation Pipeline (PGAP)	2024-03-18	4063	3871	109	na
GCA_037903545.1	PRJNA982542	SAMN35709918	na	na	584	584	Proteus mirabilis	strain=P12	na	latest	Complete Genome	Major	Full	2024-03-30	ASM3790354v1	Institute for Medical Microbiology, Immunology and Hygiene, Universtity Hospital Cologne	GCF_037903545.1	identical	https://ftp.ncbi.nlm.nih.gov/genomes/all/GCA/037/903/545/GCA_037903545.1_ASM3790354v1	na	na	na	haploid	bacteria	4216323	4216323	39.000000	2	2	2	NCBI	NCBI Prokaryotic Genome Annotation Pipeline (PGAP)	2024-03-18	3912	3726	109	na
GCA_038070545.1	PRJNA982542	SAMN37689403	na	na	584	584	Proteus mirabilis	strain=PM-OXA-10	na	latest	Complete Genome	Major	Full	2024-04-11	ASM3807054v1	Institute for Medical Microbiology, Immunology and Hygiene, Universtity Hospital Cologne	GCF_038070545.1	identical	https://ftp.ncbi.nlm.nih.gov/genomes/all/GCA/038/070/545/GCA_038070545.1_ASM3807054v1	na	na	na	haploid	bacteria	4197622	4197622	39.000000	2	2	2	NCBI	NCBI Prokaryotic Genome Annotation Pipeline (PGAP)	2024-03-18	3894	3733	109	na
GCA_038070575.1	PRJNA982542	SAMN37689402	na	na	584	584	Proteus mirabilis	strain=PM-OXA-09	na	latest	Complete Genome	Major	Full	2024-04-11	ASM3807057v1	Institute for Medical Microbiology, Immunology and Hygiene, Universtity Hospital Cologne	GCF_038070575.1	identical	https://ftp.ncbi.nlm.nih.gov/genomes/all/GCA/038/070/575/GCA_038070575.1_ASM3807057v1	na	na	na	haploid	bacteria	4123511	4123511	39.000000	2	2	2	NCBI	NCBI Prokaryotic Genome Annotation Pipeline (PGAP)	2024-03-18	3841	3683	110	na
GCA_038070585.1	PRJNA982542	SAMN37689398	na	na	584	584	Proteus mirabilis	strain=PM-OXA-05	na	latest	Complete Genome	Major	Full	2024-04-11	ASM3807058v1	Institute for Medical Microbiology, Immunology and Hygiene, Universtity Hospital Cologne	GCF_038070585.1	identical	https://ftp.ncbi.nlm.nih.gov/genomes/all/GCA/038/070/585/GCA_038070585.1_ASM3807058v1	na	na	na	haploid	bacteria	4093500	4093500	39.000000	1	1	1	NCBI	NCBI Prokaryotic Genome Annotation Pipeline (PGAP)	2024-03-18	3764	3592	109	na
GCA_038070595.1	PRJNA982542	SAMN37689395	na	na	584	584	Proteus mirabilis	strain=PM-OXA-02	na	latest	Complete Genome	Major	Full	2024-04-11	ASM3807059v1	Institute for Medical Microbiology, Immunology and Hygiene, Universtity Hospital Cologne	GCF_038070595.1	identical	https://ftp.ncbi.nlm.nih.gov/genomes/all/GCA/038/070/595/GCA_038070595.1_ASM3807059v1	na	na	na	haploid	bacteria	4111346	4111346	39.000000	1	1	1	NCBI	NCBI Prokaryotic Genome Annotation Pipeline (PGAP)	2024-03-18	3826	3657	110	na
GCA_038401985.1	PRJNA982542	SAMN37689401	na	na	584	584	Proteus mirabilis	strain=P8	na	latest	Complete Genome	Major	Full	2024-04-22	ASM3840198v1	Institute for Medical Microbiology, Immunology and Hygiene, Universtity Hospital Cologne	GCF_038401985.1	identical	https://ftp.ncbi.nlm.nih.gov/genomes/all/GCA/038/401/985/GCA_038401985.1_ASM3840198v1	na	na	na	haploid	bacteria	4305594	4305594	39.500000	4	4	4	NCBI	NCBI Prokaryotic Genome Annotation Pipeline (PGAP)	2024-04-16	4081	3889	109	na
GCA_038403595.1	PRJNA982542	SAMN37689396	na	na	584	584	Proteus mirabilis	strain=P3	na	latest	Complete Genome	Major	Full	2024-04-22	ASM3840359v1	Institute for Medical Microbiology, Immunology and Hygiene, Universtity Hospital Cologne	GCF_038403595.1	identical	https://ftp.ncbi.nlm.nih.gov/genomes/all/GCA/038/403/595/GCA_038403595.1_ASM3840359v1	na	na	na	haploid	bacteria	4395211	4395211	39.500000	3	3	3	NCBI	NCBI Prokaryotic Genome Annotation Pipeline (PGAP)	2024-04-16	4217	4022	109	na
GCA_038796785.1	PRJNA1083707	SAMN40257061	na	na	584	584	Proteus mirabilis	strain=PM190	na	latest	Complete Genome	Major	Full	2024-04-30	ASM3879678v1	Animal Medical College, Jilin Agricultural University	GCF_038796785.1	identical	https://ftp.ncbi.nlm.nih.gov/genomes/all/GCA/038/796/785/GCA_038796785.1_ASM3879678v1	na	na	na	haploid	bacteria	4048599	4048599	39.000000	1	1	1	NCBI	NCBI Prokaryotic Genome Annotation Pipeline (PGAP)	2024-04-24	3760	3599	109	na
GCA_039566975.1	PRJNA982542	SAMN37689400	na	na	584	584	Proteus mirabilis	strain=PM-OXA-07	na	latest	Complete Genome	Major	Full	2024-05-08	ASM3956697v1	Institute for Medical Microbiology, Immunology and Hygiene, Universtity Hospital Cologne	GCF_039566975.1	identical	https://ftp.ncbi.nlm.nih.gov/genomes/all/GCA/039/566/975/GCA_039566975.1_ASM3956697v1	na	na	na	haploid	bacteria	3934613	3934613	39.000000	1	1	1	NCBI	NCBI Prokaryotic Genome Annotation Pipeline (PGAP)	2024-05-02	3608	3446	109	na
GCA_039566985.1	PRJNA982542	SAMN37689399	na	na	584	584	Proteus mirabilis	strain=PM-OXA-06	na	latest	Complete Genome	Major	Full	2024-05-08	ASM3956698v1	Institute for Medical Microbiology, Immunology and Hygiene, Universtity Hospital Cologne	GCF_039566985.1	identical	https://ftp.ncbi.nlm.nih.gov/genomes/all/GCA/039/566/985/GCA_039566985.1_ASM3956698v1	na	na	na	haploid	bacteria	4152715	4152715	39.000000	1	1	1	NCBI	NCBI Prokaryotic Genome Annotation Pipeline (PGAP)	2024-05-02	3896	3719	109	na
GCA_039566995.1	PRJNA982542	SAMN37689394	na	na	584	584	Proteus mirabilis	strain=PM-OXA-01	na	latest	Complete Genome	Major	Full	2024-05-08	ASM3956699v1	Institute for Medical Microbiology, Immunology and Hygiene, Universtity Hospital Cologne	GCF_039566995.1	identical	https://ftp.ncbi.nlm.nih.gov/genomes/all/GCA/039/566/995/GCA_039566995.1_ASM3956699v1	na	na	na	haploid	bacteria	4137542	4137542	39.000000	1	1	1	NCBI	NCBI Prokaryotic Genome Annotation Pipeline (PGAP)	2024-05-02	3868	3692	109	na
GCA_039728795.1	PRJNA1110823	SAMN41378189	na	na	584	584	Proteus mirabilis	strain=Pm5	na	latest	Complete Genome	Major	Full	2024-05-21	Pm5	Molecular and Medical Microbiology, University of Fribourg	GCF_039728795.1	identical	https://ftp.ncbi.nlm.nih.gov/genomes/all/GCA/039/728/795/GCA_039728795.1_Pm5	na	na	na	haploid	bacteria	3942203	3942203	39.000000	1	1	1	NCBI	NCBI Prokaryotic Genome Annotation Pipeline (PGAP)	2024-05-15	3614	3459	109	na
GCA_040436725.1	PRJNA1120246	SAMN41685791	na	na	584	584	Proteus mirabilis	strain=10035004-1	na	latest	Complete Genome	Major	Full	2024-07-01	ASM4043672v1	State Key Laboratory of Microbial Technology, Microbial Technology Institute, Shandong University	GCF_040436725.1	identical	https://ftp.ncbi.nlm.nih.gov/genomes/all/GCA/040/436/725/GCA_040436725.1_ASM4043672v1	na	na	na	haploid	bacteria	3984536	3984536	39.000000	1	1	1	NCBI	NCBI Prokaryotic Genome Annotation Pipeline (PGAP)	2024-06-24	3645	3486	109	na
GCA_040436735.1	PRJNA1120246	SAMN41685792	na	na	584	584	Proteus mirabilis	strain=10035004-2	na	latest	Complete Genome	Major	Full	2024-07-01	ASM4043673v1	State Key Laboratory of Microbial Technology, Microbial Technology Institute, Shandong University	GCF_040436735.1	identical	https://ftp.ncbi.nlm.nih.gov/genomes/all/GCA/040/436/735/GCA_040436735.1_ASM4043673v1	na	na	na	haploid	bacteria	3986868	3986868	39.000000	1	1	1	NCBI	NCBI Prokaryotic Genome Annotation Pipeline (PGAP)	2024-06-24	3655	3497	109	na
GCA_040822005.1	PRJNA1136228	SAMN42509022	na	na	584	584	Proteus mirabilis	strain=PM03128	na	latest	Complete Genome	Major	Full	2024-07-23	ASM4082200v1	Jilin Agricultural Science and Technology University, Jilin Agricultural Science and Technology University	na	na	https://ftp.ncbi.nlm.nih.gov/genomes/all/GCA/040/822/005/GCA_040822005.1_ASM4082200v1	contaminated; unverified source organism; annotation fails completeness check	na	na	haploid	bacteria	5057681	5057681	50.000000	3	3	3	NCBI	NCBI Prokaryotic Genome Annotation Pipeline (PGAP)	2024-07-17	4992	4594	114	na
GCA_040893115.1	PRJNA1136215	SAMN42505624	na	na	584	584	Proteus mirabilis	strain=SH-4	na	latest	Complete Genome	Major	Full	2024-07-24	ASM4089311v1	Jilin Agricultural Science and Technology University, Jilin Agricultural Science and Technology University	GCF_040893115.1	identical	https://ftp.ncbi.nlm.nih.gov/genomes/all/GCA/040/893/115/GCA_040893115.1_ASM4089311v1	na	na	na	haploid	bacteria	4123479	4123479	39.000000	1	1	1	NCBI	NCBI Prokaryotic Genome Annotation Pipeline (PGAP)	2024-07-18	3877	3697	109	na
GCA_040897705.2	PRJNA288601	SAMN42837555	na	na	584	584	Proteus mirabilis	strain=2024CK-01032	na	latest	Complete Genome	Major	Full	2024-09-10	ASM4089770v2	Utah Public Health Laboratory, Utah Public Health Laboratory Infectious Disease submission group	na	na	https://ftp.ncbi.nlm.nih.gov/genomes/all/GCA/040/897/705/GCA_040897705.2_ASM4089770v2	from large multi-isolate project	na	na	haploid	bacteria	4045184	4045184	39.000000	1	1	1	NCBI	NCBI Prokaryotic Genome Annotation Pipeline (PGAP)	2024-08-27	3729	3576	111	na
GCA_041008845.1	PRJNA662829	SAMN16095156	JACWET000000000.1	na	584	584	Proteus mirabilis	strain=70F	na	latest	Complete Genome	Major	Full	2024-08-01	ASM4100884v1	ICMR-National Institute of Cholera and Enteric Diseases	na	na	https://ftp.ncbi.nlm.nih.gov/genomes/all/GCA/041/008/845/GCA_041008845.1_ASM4100884v1	annotation fails completeness check; many frameshifted proteins	na	na	haploid	bacteria	4168702	4168702	39.000000	3	3	3	NCBI	NCBI Prokaryotic Genome Annotation Pipeline (PGAP)	2021-09-29	4698	2109	109	na
GCA_041519755.1	PRJNA1145476	SAMN43067844	na	na	584	584	Proteus mirabilis	strain=CriePir1633	na	latest	Complete Genome	Major	Full	2024-08-27	ASM4151975v1	Department Of Molecular Diagnostics and Epidemiology, Central Research Institute of Epidemiology	GCF_041519755.1	identical	https://ftp.ncbi.nlm.nih.gov/genomes/all/GCA/041/519/755/GCA_041519755.1_ASM4151975v1	na	na	na	haploid	bacteria	4065065	4065065	39.000000	1	1	1	NCBI	NCBI Prokaryotic Genome Annotation Pipeline (PGAP)	2024-08-21	3765	3580	107	na
GCA_041888785.1	PRJNA1154398	SAMN43414873	na	na	584	584	Proteus mirabilis	strain=20119	na	latest	Complete Genome	Major	Full	2024-09-10	ASM4188878v1	Zhuhai People's Hospital, Jinan University	GCF_041888785.1	identical	https://ftp.ncbi.nlm.nih.gov/genomes/all/GCA/041/888/785/GCA_041888785.1_ASM4188878v1	na	na	na	haploid	bacteria	4230559	4230559	39.000000	2	2	2	NCBI	NCBI Prokaryotic Genome Annotation Pipeline (PGAP)	2024-09-04	4012	3832	108	na
GCA_042929925.1	PRJNA1166973	SAMN43983397	na	na	584	584	Proteus mirabilis	strain=PM1	na	latest	Complete Genome	Major	Full	2024-10-09	PM1	Molecular and Medical Microbiology, University of Fribourg	GCF_042929925.1	identical	https://ftp.ncbi.nlm.nih.gov/genomes/all/GCA/042/929/925/GCA_042929925.1_PM1	na	na	na	haploid	bacteria	3957221	3957221	39.000000	1	1	1	NCBI	NCBI Prokaryotic Genome Annotation Pipeline (PGAP)	2024-10-03	3639	3484	109	na
GCA_044324735.1	PRJNA1178353	SAMN44468767	na	na	584	584	Proteus mirabilis	strain=wxy-a1	na	latest	Complete Genome	Major	Full	2024-11-03	ASM4432473v1	Jilin Agricultural Science and Technolog, Jilin Agricultural Science and Technolog	GCF_044324735.1	identical	https://ftp.ncbi.nlm.nih.gov/genomes/all/GCA/044/324/735/GCA_044324735.1_ASM4432473v1	na	na	na	haploid	bacteria	4025411	4025411	39.000000	1	1	1	NCBI	NCBI Prokaryotic Genome Annotation Pipeline (PGAP)	2024-10-28	3709	3552	110	na
GCA_045287485.1	PRJNA1029377	SAMN37867196	na	na	584	584	Proteus mirabilis	strain=PM9	na	latest	Complete Genome	Major	Full	2023-10-31	ASM4528748v1	Laboratory Medicine Center, Department of Clinical Laboratory, Zhejiang Provincial People's Hospital (Affiliated People's Hospital, Hangzhou Medical College)	GCF_045287485.1	identical	https://ftp.ncbi.nlm.nih.gov/genomes/all/GCA/045/287/485/GCA_045287485.1_ASM4528748v1	na	na	na	haploid	bacteria	4156976	4156976	39.000000	2	2	2	NCBI	NCBI Prokaryotic Genome Annotation Pipeline (PGAP)	2023-10-24	3920	3732	109	na
GCA_045689305.1	PRJNA1029380	SAMN37867208	na	na	584	584	Proteus mirabilis	strain=PM11	na	latest	Complete Genome	Major	Full	2023-10-31	ASM4568930v1	Laboratory Medicine Center, Department of Clinical Laboratory, Zhejiang Provincial People's Hospital (Affiliated People's Hospital, Hangzhou Medical College)	GCF_045689305.1	identical	https://ftp.ncbi.nlm.nih.gov/genomes/all/GCA/045/689/305/GCA_045689305.1_ASM4568930v1	na	na	na	haploid	bacteria	4179168	4179168	39.000000	1	1	1	NCBI	NCBI Prokaryotic Genome Annotation Pipeline (PGAP)	2023-10-24	3876	3696	111	na
GCA_045689315.1	PRJNA1029383	SAMN37867222	na	na	584	584	Proteus mirabilis	strain=PM14	na	latest	Complete Genome	Major	Full	2023-10-31	ASM4568931v1	Laboratory Medicine Center, Department of Clinical Laboratory, Zhejiang Provincial People's Hospital (Affiliated People's Hospital, Hangzhou Medical College)	GCF_045689315.1	identical	https://ftp.ncbi.nlm.nih.gov/genomes/all/GCA/045/689/315/GCA_045689315.1_ASM4568931v1	na	na	na	haploid	bacteria	4248630	4248630	39.000000	4	4	4	NCBI	NCBI Prokaryotic Genome Annotation Pipeline (PGAP)	2023-10-24	4009	3821	111	na
GCA_046105005.1	PRJNA1059778	SAMN39214373	na	na	584	584	Proteus mirabilis	strain=KUST-1312	na	latest	Complete Genome	Major	Full	2024-12-16	ASM4610500v1	Faculty of Life Science and Technology, Kunming University of Science and Technology	GCF_046105005.1	identical	https://ftp.ncbi.nlm.nih.gov/genomes/all/GCA/046/105/005/GCA_046105005.1_ASM4610500v1	na	na	na	haploid	bacteria	4187498	4187498	39.000000	2	2	2	na	na		0	0	0	na
GCA_046114495.1	PRJNA937054	SAMN33388078	na	na	584	584	Proteus mirabilis	strain=G121	na	latest	Complete Genome	Major	Full	2024-12-16	ASM4611449v1	Clinical Laboratory, The Fifth Affiliated Hospital of Guangzhou Medical University	GCF_046114495.1	identical	https://ftp.ncbi.nlm.nih.gov/genomes/all/GCA/046/114/495/GCA_046114495.1_ASM4611449v1	na	na	na	haploid	bacteria	4003495	4003495	39.000000	2	2	2	NCBI	NCBI Prokaryotic Genome Annotation Pipeline (PGAP)	2023-02-24	3745	3531	108	na
GCA_046115405.1	PRJNA937055	SAMN33388081	na	na	584	584	Proteus mirabilis	strain=G137	na	latest	Complete Genome	Major	Full	2024-12-16	ASM4611540v1	Clinical Laboratory, The Fifth Affiliated Hospital of Guangzhou Medical University	GCF_046115405.1	identical	https://ftp.ncbi.nlm.nih.gov/genomes/all/GCA/046/115/405/GCA_046115405.1_ASM4611540v1	na	na	na	haploid	bacteria	3833311	3833311	38.500000	1	1	1	NCBI	NCBI Prokaryotic Genome Annotation Pipeline (PGAP)	2023-02-24	3502	3339	111	na
GCA_046529215.1	PRJNA836393	SAMN28159679	na	na	584	584	Proteus mirabilis	strain=GDPM-P16	na	latest	Complete Genome	Major	Full	2025-01-07	ASM4652921v1	The Second Affiliated Hospital, Chongqing Medical University	GCF_046529215.1	identical	https://ftp.ncbi.nlm.nih.gov/genomes/all/GCA/046/529/215/GCA_046529215.1_ASM4652921v1	na	na	na	haploid	bacteria	4047408	4047408	39.000000	1	1	1	NCBI	NCBI Prokaryotic Genome Annotation Pipeline (PGAP)	2022-05-24	3763	3598	110	na
GCA_046688905.2	PRJNA288601	SAMN46253210	na	na	584	584	Proteus mirabilis	na	2024CK-01961	latest	Complete Genome	Major	Full	2025-03-05	ASM4668890v2	Utah Public Health Laboratory, Utah Public Health Laboratory Infectious Disease submission group	na	na	https://ftp.ncbi.nlm.nih.gov/genomes/all/GCA/046/688/905/GCA_046688905.2_ASM4668890v2	from large multi-isolate project	na	na	haploid	bacteria	4045584	4045584	39.000000	1	1	1	NCBI	NCBI Prokaryotic Genome Annotation Pipeline (PGAP)	2025-02-14	3712	3553	109	na
GCA_046736405.1	PRJNA1050404	SAMN38736024	na	na	584	584	Proteus mirabilis	strain=PM1163	na	latest	Complete Genome	Major	Full	2025-01-16	ASM4673640v1	Respiratory Medicine, Zhuhai Pepole's Hospital	GCF_046736405.1	identical	https://ftp.ncbi.nlm.nih.gov/genomes/all/GCA/046/736/405/GCA_046736405.1_ASM4673640v1	na	na	na	haploid	bacteria	4152585	4152585	39.500000	1	1	1	NCBI	NCBI Prokaryotic Genome Annotation Pipeline (PGAP)	2023-12-13	3838	3654	109	na
GCA_047305425.1	PRJNA954452	SAMN34145880	na	na	584	584	Proteus mirabilis	strain=BL95	na	latest	Complete Genome	Major	Full	2025-01-29	ASM4730542v1	School of Biological Sciences, University of California, Irvine	GCF_047305425.1	identical	https://ftp.ncbi.nlm.nih.gov/genomes/all/GCA/047/305/425/GCA_047305425.1_ASM4730542v1	na	na	na	haploid	bacteria	4086891	4086891	39.000000	1	1	1	NCBI	NCBI Prokaryotic Genome Annotation Pipeline (PGAP)	2023-04-13	3749	3595	109	na
GCA_047758645.1	PRJNA506729	SAMN32532993	na	na	584	584	Proteus mirabilis	strain=1B-M	na	latest	Complete Genome	Major	Full	2025-02-13	ASM4775864v1	Microbiology, Jan Kochanowski University	GCF_047758645.1	identical	https://ftp.ncbi.nlm.nih.gov/genomes/all/GCA/047/758/645/GCA_047758645.1_ASM4775864v1	na	na	na	haploid	bacteria	4053866	4053866	39.000000	1	1	1	NCBI	NCBI Prokaryotic Genome Annotation Pipeline (PGAP)	2025-01-13	3735	3574	108	na
GCA_047801625.1	PRJNA1221793	SAMN46751946	na	na	584	584	Proteus mirabilis	strain=SH-8	na	latest	Complete Genome	Major	Full	2025-02-17	ASM4780162v1	Jilin Agricultural Science and Technology University, Jilin Agricultural Science and Technology University	GCF_047801625.1	identical	https://ftp.ncbi.nlm.nih.gov/genomes/all/GCA/047/801/625/GCA_047801625.1_ASM4780162v1	na	na	na	haploid	bacteria	4038596	4038596	39.000000	2	2	2	NCBI	NCBI Prokaryotic Genome Annotation Pipeline (PGAP)	2025-02-11	3743	3584	108	na
GCA_047946885.1	PRJNA1207781	SAMN46143986	na	na	584	584	Proteus mirabilis	strain=COFI-RLBCAU-II	na	latest	Complete Genome	Major	Full	2025-02-24	P._mirabilis_COFI-RLBCAU-II	Department of Fisheries Resource Management, College of Fisheries, RLBCAU	GCF_047946885.1	identical	https://ftp.ncbi.nlm.nih.gov/genomes/all/GCA/047/946/885/GCA_047946885.1_P._mirabilis_COFI-RLBCAU-II	na	na	na	haploid	bacteria	3979959	3979959	38.500000	4	4	4	NCBI	NCBI Prokaryotic Genome Annotation Pipeline (PGAP)	2025-02-13	3656	3491	114	na
GCA_048282675.1	PRJNA1217613	SAMN46558227	na	na	584	584	Proteus mirabilis	strain=MUWRP17566	na	latest	Complete Genome	Major	Full	2025-03-02	ASM4828267v1	Makerere University Walter Reed Program, Makerere University Walter Reed Program	na	na	https://ftp.ncbi.nlm.nih.gov/genomes/all/GCA/048/282/675/GCA_048282675.1_ASM4828267v1	annotation fails completeness check; many frameshifted proteins	na	na	haploid	bacteria	4167856	4167856	39.000000	1	1	1	NCBI	NCBI Prokaryotic Genome Annotation Pipeline (PGAP)	2025-02-24	4078	3295	109	na
GCA_900635965.1	PRJEB6403	SAMEA3222067	na	na	584	584	Proteus mirabilis	strain=NCTC4199	na	latest	Complete Genome	Major	Full	2018-12-20	36374_E01	SC	GCF_900635965.1	identical	https://ftp.ncbi.nlm.nih.gov/genomes/all/GCA/900/635/965/GCA_900635965.1_36374_E01	na	na	na	haploid	bacteria	3875274	3875274	39.000000	1	1	1	SC	Annotation submitted by SC	2018-12-20	3498	3390	108	na
GCA_000069965.1	PRJNA12624	SAMEA1705945	na	reference genome	529507	584	Proteus mirabilis HI4320	strain=HI4320	na	latest	Complete Genome	Major	Full	2008-04-03	ASM6996v1	Sanger Institute	GCF_000069965.1	identical	https://ftp.ncbi.nlm.nih.gov/genomes/all/GCA/000/069/965/GCA_000069965.1_ASM6996v1	na	na	na	haploid	bacteria	4099895	4099895	39.000000	2	2	2	Sanger Institute	Annotation submitted by Sanger Institute	2023-07-14	3740	3662	0	18375554
GCA_000444425.1	PRJNA183065	SAMN02603303	na	na	1266738	584	Proteus mirabilis BB2000	strain=BB2000	na	latest	Complete Genome	Major	Full	2013-08-06	ASM44442v1	Harvard University	GCF_000444425.1	identical	https://ftp.ncbi.nlm.nih.gov/genomes/all/GCA/000/444/425/GCA_000444425.1_ASM44442v1	na	na	na	haploid	bacteria	3846754	3846754	38.500000	1	1	1	Harvard University	Annotation submitted by Harvard University	2014-01-30	3558	3455	103	23882014;24009111
